EntrezID,strain,serotype,0,1,2,3,4,5,6,7,8,9,10,11,12,13,14,15,16,17,18,19,20,21,22,23,24,25,26,27,28,29,30,31,32,33,34,35,36,37,38,39,40,41,42,43,44,45,46,47,48,49,50,51,52,53,54,55,56,57,58,59,60,61,62,63,64,65,66,67,68,69,70,71,72,73,74,75,76,77,78,79,80,81,82,83,84,85,86,87,88,89,90,91,92,93,94,95,96,97,98,99,100,101,102,103,104,105,106,107,108,109,110,111,112,113,114,115,116,117,118,119,120,121,122,123,124,125,126,127,128,129,130,131,132,133,134,135,136,137,138,139,140,141,142,143,144,145,146,147,148,149,150,151,152,153,154,155,156,157,158,159,160,161,162,163,164,165,166,167,168,169,170,171,172,173,174,175,176,177,178,179,180,181,182,183,184,185,186,187,188,189,190,191,192,193,194,195,196,197,198,199,200,201,202,203,204,205,206,207,208,209,210,211,212,213,214,215,216,217,218,219,220,221,222,223,224,225,226,227,228,229,230,231,232,233,234,235,236,237,238,239,240,241,242,243,244,245,246,247,248,249,250,251,252,253,254,255,256,257,258,259,260,261,262,263,264,265,266,267,268,269,270,271,272,273,274,275,276,277,278,279,280,281,282,283,284,285,286,287,288,289,290,291,292,293,294,295,296,297,298,299,300,301,302,303,304,305,306,307,308,309,310,311,312,313,314,315,316,317,318,319,320,321,322,323,324,325,326,327,328,329,330,331,332,333,334,335,336,337,338,339,340,341,342,343,344,345,346,347,348,349,350,351,352,353,354,355
KU143739.1,0222,B,D,G,T,I,T,F,T,N,I,G,G,T,G,Q,D,T,I,H,D,A,I,N,D,V,L,T,K,G,E,A,V,Y,E,A,L,K,G,A,K,P,-,T,V,S,A,E,I,T,G,L,V,D,V,V,K,K,A,N,S,P,I,S,T,D,N,N,K,K,K,T,S,I,T,F,D,K,S,G,M,S,S,A,G,L,T,F,K,K,G,D,T,T,N,G,S,T,T,T,F,A,E,D,G,L,T,I,D,S,T,T,N,S,A,Q,T,N,L,V,K,V,S,R,D,G,F,S,V,K,N,G,S,K,L,A,P,T,K,L,S,E,N,A,E,H,V,E,V,G,I,A,L,K,A,D,N,T,S,D,K,A,T,R,T,A,I,K,L,T,A,N,S,K,D,A,V,N,G,G,Q,L,R,T,L,L,E,K,T,T,I,S,E,A,Q,A,L,T,D,A,T,L,A,Y,K,A,D,N,K,G,A,S,V,E,L,K,D,R,L,T,E,S,L,N,A,S,Q,N,I,I,A,T,E,G,I,V,L,T,K,S,G,S,G,N,D,A,T,D,G,-,-,I,K,V,S,A,D,T,D,A,V,D,K,L,F,K,-,A,I,N,D,A,L,G,T,T,D,L,A,V,T,K,D,P,N,Q,T,S,V,D,K,L,T,T,A,V,D,I,D,A,G,N,K,K,I,S,N,V,A,D,G,D,I,S,P,T,S,G,D,V,V,T,G,R,Q,L,Y,A,L,M,Q,K,G,I,R,V,Y,G,D,E,V,S,P,T,K,T,Q,T,T,A,P,T,A,S,S,T,Q,G
KU143734.1,221,A,D,G,T,I,T,F,T,N,I,G,G,T,G,Q,A,T,I,H,D,A,I,N,N,V,L,T,K,G,Q,K,V,-,-,-,-,-,-,-,-,-,-,-,-,-,-,E,I,T,L,S,A,-,T,N,Q,W,A,N,N,G,V,T,T,Y,N,S,Q,N,G,T,A,G,T,Y,N,T,T,G,L,Q,Q,T,T,L,E,-,A,T,G,I,T,S,S,V,G,S,T,N,Y,A,G,F,S,L,G,A,D,S,V,T,F,S,-,-,-,-,-,-,-,-,-,-,-,-,-,-,-,K,G,G,A,K,L,S,G,V,S,D,A,T,D,A,A,T,L,K,Q,Y,-,-,-,-,-,-,-,-,-,-,-,S,G,G,T,S,N,G,I,T,A,T,E,E,K,V,V,S,G,K,-,-,-,T,V,Y,D,D,T,T,L,N,K,I,Q,D,L,S,N,-,-,L,S,E,S,G,K,N,A,D,S,N,K,K,F,T,D,T,I,T,K,K,L,T,T,S,K,S,V,E,S,S,T,D,I,L,L,S,D,G,R,S,G,N,A,L,S,D,G,F,T,I,K,S,E,S,D,S,L,G,V,N,G,V,F,K,L,S,L,N,M,T,A,L,T,T,S,L,A,L,T,D,D,S,N,K,E,K,I,Q,K,S,K,V,T,L,G,I,D,A,G,N,K,K,I,S,N,V,A,D,G,D,I,S,P,T,S,G,D,V,V,T,G,R,Q,L,Y,A,L,M,Q,K,G,I,R,V,Y,G,D,E,V,S,P,T,K,T,Q,T,T,A,P,T,A,S,S,T,Q,G
KU143736.1,2403,A,D,G,T,I,T,F,T,N,I,G,G,T,G,Q,D,T,I,H,D,A,I,N,N,V,L,T,K,G,E,A,V,Y,E,A,L,K,G,A,K,P,-,T,V,S,A,E,I,T,G,L,V,D,V,V,K,K,A,N,S,P,I,S,T,D,N,N,K,K,K,T,S,I,T,F,D,K,S,G,M,S,S,A,G,L,T,F,K,K,G,D,T,T,N,G,S,T,T,T,F,A,E,D,G,L,T,I,D,S,T,T,N,S,A,Q,T,N,L,V,K,V,S,R,D,G,F,S,V,K,N,G,S,K,L,A,P,T,K,L,S,E,N,A,E,H,V,E,V,G,I,A,L,K,A,D,N,T,S,D,K,A,T,G,T,A,I,K,L,T,A,N,S,K,D,A,V,N,G,G,Q,L,R,T,L,L,E,K,T,T,I,S,E,A,Q,A,L,T,D,A,T,L,A,Y,K,A,D,N,K,D,A,S,V,E,L,K,D,K,L,I,E,S,L,N,A,S,R,N,I,I,A,T,E,G,I,V,L,T,K,S,G,S,G,N,D,A,T,D,G,-,-,I,K,V,S,A,D,T,D,A,V,D,K,L,F,K,-,A,I,N,D,A,L,G,T,T,D,L,A,V,T,K,D,P,N,Q,T,S,V,D,K,L,T,T,A,V,G,I,D,A,G,N,K,K,I,S,N,V,A,D,G,D,I,S,P,T,S,G,D,V,V,T,G,R,Q,L,Y,A,L,M,Q,K,G,I,R,V,Y,G,D,E,V,S,P,T,K,T,Q,T,T,A,P,T,A,S,S,T,Q,G
KU143740.1,2671,B,-,-,-,-,-,-,-,-,-,-,-,-,-,-,-,-,-,-,-,-,-,-,-,-,-,-,-,G,E,P,V,Y,E,P,L,K,G,A,K,P,-,T,V,S,A,E,I,T,G,L,V,D,V,V,K,K,A,N,S,P,I,S,T,D,N,N,K,K,K,T,S,I,T,F,D,K,S,G,M,S,S,A,G,L,T,F,K,K,G,D,T,T,N,G,S,T,T,T,F,A,E,D,G,L,T,I,D,S,T,T,N,S,A,Q,T,N,L,V,K,V,S,R,D,G,F,S,V,K,N,G,S,K,L,A,P,T,K,L,S,E,N,A,E,H,V,E,V,G,I,A,L,K,A,D,N,T,S,D,K,A,T,G,T,A,I,K,L,T,A,N,S,K,D,A,V,N,G,G,Q,L,R,T,L,L,E,K,T,T,I,S,E,A,Q,A,L,T,D,A,T,L,V,Y,K,A,D,N,K,G,A,S,V,E,L,K,D,R,L,T,E,S,L,N,A,S,Q,N,I,I,A,T,E,G,I,V,L,T,K,S,G,S,G,N,D,A,T,D,G,-,-,I,K,V,S,A,D,T,D,A,V,D,K,L,F,K,-,A,I,N,D,A,L,G,T,T,D,L,A,V,T,K,N,P,N,Q,T,S,V,D,K,L,T,T,A,V,G,I,D,A,G,N,K,K,I,S,N,V,A,D,G,D,I,S,P,T,S,G,D,V,V,T,G,R,Q,L,Y,A,L,M,Q,K,G,I,R,V,Y,G,D,E,V,S,P,T,K,T,Q,T,T,A,P,T,A,S,S,T,Q,G
KU167083.1,569,A,D,G,T,I,T,F,T,N,I,G,G,T,G,Q,D,T,I,H,D,A,I,N,N,V,L,T,K,G,E,A,V,Y,E,P,L,K,G,A,K,P,-,T,V,S,A,E,I,T,G,L,V,D,V,V,K,K,A,N,S,P,I,S,T,D,N,N,K,K,K,T,S,I,T,F,D,K,S,G,M,S,S,A,G,L,T,F,K,K,G,D,T,T,N,G,S,T,T,T,F,A,E,D,G,L,T,I,D,S,T,T,N,S,A,Q,T,N,L,V,K,V,S,R,D,G,F,S,V,K,N,G,S,K,L,A,P,T,K,L,S,E,N,A,E,H,V,E,V,G,I,A,L,K,A,D,N,T,S,D,K,A,T,G,T,A,I,K,L,T,A,N,S,K,D,A,V,N,G,G,Q,L,R,T,L,L,E,K,T,T,I,S,E,A,Q,A,L,T,D,A,T,L,A,Y,K,A,D,N,K,S,A,S,V,E,L,K,D,R,L,T,E,S,L,N,A,S,Q,N,I,I,A,T,E,G,I,V,L,T,K,S,G,S,G,N,D,A,T,D,G,-,-,I,K,V,S,A,D,T,D,A,V,D,K,L,F,K,-,A,I,N,D,A,L,G,T,T,D,L,A,V,T,K,D,P,N,Q,T,S,V,D,K,L,T,T,A,V,G,I,D,A,G,N,K,K,I,S,N,V,A,D,G,D,I,S,P,T,S,G,D,V,V,T,G,R,Q,L,Y,A,L,M,Q,K,G,I,R,L,Y,G,D,E,V,S,P,T,K,T,Q,T,T,A,P,T,A,S,S,T,Q,G
KU167084.1,571,A,D,G,T,I,T,F,T,N,I,G,G,T,G,Q,D,T,I,H,D,A,I,N,N,V,L,T,K,G,E,A,V,Y,E,P,L,K,G,A,K,P,-,T,V,S,A,E,I,T,G,L,V,D,V,V,K,K,A,N,S,P,I,S,T,D,N,N,K,K,K,T,S,I,T,F,D,K,S,G,M,S,S,A,G,L,T,F,K,K,G,D,T,T,N,G,S,T,T,T,F,A,E,D,G,L,T,I,D,S,T,T,N,S,A,Q,T,N,L,V,K,V,S,R,D,G,F,S,V,K,N,G,S,K,L,A,P,T,K,L,S,E,N,A,E,H,V,E,V,G,I,A,L,K,A,D,N,T,S,D,K,A,T,G,T,A,I,K,L,T,A,N,S,K,D,A,V,N,G,G,Q,L,R,T,L,L,E,K,T,T,I,S,E,A,Q,A,L,T,D,A,T,L,A,Y,K,A,D,N,K,S,A,S,V,E,L,K,D,R,L,T,E,S,L,N,A,S,Q,N,I,I,A,T,E,G,I,V,L,T,K,S,G,S,G,N,D,A,T,D,G,-,-,I,K,V,S,A,D,T,D,A,V,D,K,L,F,K,-,A,I,N,D,A,L,G,T,T,D,L,A,V,T,K,D,P,N,Q,T,S,V,D,K,L,T,T,A,V,G,I,D,A,G,N,K,K,I,S,N,V,A,D,G,D,I,S,P,T,S,G,D,V,V,T,G,R,Q,L,Y,A,L,M,Q,K,G,I,R,L,Y,G,D,E,V,S,P,T,K,T,Q,T,T,A,P,T,A,S,S,T,Q,G
KU167082.1,Chao,A,D,G,T,I,T,F,T,N,I,G,G,T,G,Q,D,T,I,H,D,A,I,N,N,V,L,T,K,G,E,A,V,Y,E,P,L,K,G,A,K,P,-,T,V,S,A,E,I,T,G,L,V,D,V,V,K,K,A,N,S,P,I,S,T,D,N,N,K,K,K,T,S,I,T,F,D,K,S,G,M,S,S,A,G,L,T,F,K,K,G,D,T,T,N,G,S,T,T,T,F,A,E,D,G,L,T,I,D,S,T,T,N,S,A,Q,T,N,L,V,K,V,S,R,D,G,F,S,V,K,N,G,S,K,L,A,P,T,K,L,S,E,N,A,E,H,V,E,V,G,I,A,L,K,A,D,N,T,S,D,K,A,T,G,T,A,I,K,L,T,A,N,S,K,D,A,V,N,G,G,Q,L,R,T,L,L,E,K,T,T,I,S,E,A,Q,A,L,T,D,A,T,L,A,Y,K,A,D,N,K,S,A,S,V,E,L,K,D,R,L,T,E,S,L,N,A,S,Q,N,I,I,A,T,E,G,I,V,L,T,K,S,G,S,G,N,D,A,T,D,G,-,-,I,K,V,S,A,D,T,D,A,V,D,K,L,F,K,-,A,I,N,D,A,L,G,T,T,D,L,A,V,T,K,D,P,N,Q,T,S,V,D,K,L,T,T,A,V,G,I,D,A,G,N,K,K,I,S,N,V,A,D,G,D,I,S,P,T,S,G,D,V,V,T,G,R,Q,L,Y,A,L,M,Q,K,G,I,R,L,Y,G,D,E,V,S,P,T,K,T,Q,T,T,A,P,T,A,S,S,T,Q,G
KY229693.1,Cr01,C,-,-,-,-,-,-,-,-,-,-,-,-,-,-,-,-,-,-,-,-,-,-,-,-,-,-,-,G,E,A,V,Y,D,A,L,K,G,A,K,P,-,T,V,S,A,E,I,T,G,L,V,D,V,V,K,K,A,N,S,P,I,S,T,D,N,N,K,K,K,T,S,I,T,F,D,K,S,G,M,S,S,A,G,L,T,F,K,K,G,D,T,T,N,G,S,T,T,T,F,A,E,D,G,L,T,I,D,S,T,T,N,S,A,Q,T,N,L,V,K,V,S,R,D,G,F,S,V,K,N,G,S,K,L,A,S,T,K,L,S,E,N,A,E,H,V,E,V,G,I,A,L,K,A,D,N,T,S,D,K,A,T,G,T,A,I,K,L,T,A,N,S,K,D,A,V,N,G,G,Q,L,R,T,L,L,E,K,T,T,I,S,E,A,Q,A,L,T,D,A,T,L,A,Y,K,A,D,N,K,D,A,S,V,E,L,K,D,K,L,T,E,S,L,N,A,S,Q,N,I,I,A,T,E,G,I,V,L,T,K,S,G,S,G,N,D,A,T,D,G,-,-,I,K,V,S,A,D,T,D,A,V,D,K,L,F,K,-,A,I,N,D,A,L,G,T,T,D,L,A,V,T,K,N,P,N,Q,T,S,V,D,K,L,T,T,A,V,G,I,D,A,G,N,K,K,I,S,N,V,A,D,G,D,I,S,P,T,S,G,D,V,V,T,G,R,Q,L,Y,A,-,-,-,-,-,-,-,-,-,-,-,-,-,-,-,-,-,-,-,-,-,-,-,-,-,-,-,-,-,-
KY229704.1,Cr12,B,-,-,-,-,-,-,-,-,-,-,-,-,-,-,-,-,-,-,-,-,-,-,-,-,-,-,-,G,E,A,V,Y,E,A,L,K,S,A,K,P,T,T,V,S,A,E,I,T,G,L,V,D,V,V,K,K,A,N,S,P,I,S,T,D,N,N,K,K,K,T,S,I,T,F,D,K,S,G,M,S,S,A,G,L,T,F,K,K,G,D,T,T,N,G,S,T,T,T,F,A,E,D,G,L,T,I,D,S,T,T,N,S,A,Q,T,N,L,V,K,V,S,R,D,G,F,S,V,K,N,G,S,K,L,A,P,T,K,L,S,E,N,A,E,H,V,E,V,G,I,A,L,K,A,N,N,T,T,G,K,T,A,G,N,A,I,K,L,T,A,G,S,K,D,A,V,N,G,G,Q,L,R,T,L,L,E,K,T,T,I,S,E,A,Q,A,L,T,D,A,K,L,A,Y,K,A,D,N,K,D,A,S,V,E,L,K,D,K,L,I,E,S,L,N,A,S,R,N,I,I,A,T,E,G,I,V,L,T,K,S,G,S,G,N,D,A,T,D,G,-,-,I,K,V,S,A,D,T,D,A,V,D,K,L,F,K,-,A,I,N,D,A,L,G,T,T,D,L,A,V,T,K,D,P,N,Q,T,S,V,D,K,L,T,T,A,V,G,I,D,A,G,N,K,K,I,S,N,V,A,D,G,D,I,S,P,T,S,G,D,V,V,T,G,R,Q,L,Y,A,-,-,-,-,-,-,-,-,-,-,-,-,-,-,-,-,-,-,-,-,-,-,-,-,-,-,-,-,-,-
KY229708.1,Cr16,A,-,-,-,-,-,-,-,-,-,-,-,-,-,-,-,-,-,-,-,-,-,N,N,V,L,T,K,G,Q,K,V,-,-,-,-,-,-,-,-,-,-,-,-,-,-,E,I,T,L,S,A,-,T,N,Q,W,A,N,N,G,V,T,T,Y,N,S,Q,N,G,T,A,G,T,Y,N,T,T,G,L,Q,Q,T,T,L,E,-,A,T,G,I,T,S,S,V,G,S,T,N,Y,A,G,F,S,L,G,A,D,S,V,T,F,S,-,-,-,-,-,-,-,-,-,-,-,-,-,-,-,K,G,G,A,K,L,S,G,V,S,D,A,T,D,A,A,T,L,K,Q,Y,-,-,-,-,-,-,-,-,-,-,-,S,G,G,T,S,N,G,I,T,A,T,E,E,K,V,V,S,G,K,-,-,-,T,V,Y,D,D,T,T,L,N,K,I,Q,D,L,S,N,-,-,L,S,E,S,G,K,N,A,D,S,N,K,K,F,T,D,T,I,T,K,K,L,T,T,S,K,S,V,E,S,S,T,D,I,L,L,S,D,G,R,S,G,N,A,L,S,D,G,F,T,I,K,S,E,S,D,S,L,G,V,N,G,V,F,K,L,S,L,N,M,T,A,L,T,T,S,L,A,L,T,D,D,S,N,K,E,K,I,Q,K,S,K,V,T,L,G,I,D,A,G,N,K,K,I,S,N,V,A,D,G,D,I,S,P,T,S,G,D,V,V,T,G,R,Q,L,Y,A,-,-,-,-,-,-,-,-,-,-,-,-,-,-,-,-,-,-,-,-,-,-,-,-,-,-,-,-,-,-
KU167091.1,Dal,B,D,G,T,I,T,F,T,N,I,G,G,T,G,Q,D,T,I,H,D,A,I,N,N,V,L,T,K,G,E,P,V,Y,E,P,L,K,G,A,K,P,-,T,V,S,A,E,I,T,G,L,V,D,V,V,K,K,A,N,S,P,I,S,T,D,N,N,K,K,K,T,S,I,T,F,D,K,S,G,M,S,S,A,G,L,T,F,K,K,G,D,T,T,N,G,S,T,T,T,F,A,E,D,G,L,T,I,D,S,T,T,N,S,A,Q,T,N,L,V,K,V,S,R,D,G,F,S,V,K,N,G,S,K,L,A,P,T,K,L,S,E,N,A,E,H,V,E,V,G,I,A,L,K,A,D,N,T,S,D,K,A,T,G,T,A,I,K,L,T,A,N,S,K,D,A,V,N,G,G,Q,L,R,T,L,L,E,K,T,T,I,S,E,A,Q,A,L,T,D,A,T,L,V,Y,K,A,D,N,K,G,A,S,V,E,L,K,D,R,L,T,E,S,L,N,A,S,Q,N,I,I,A,T,E,G,I,V,L,T,K,S,G,S,G,N,D,A,T,D,G,-,-,I,K,V,S,A,D,T,D,A,V,D,K,L,F,K,-,A,I,N,D,A,L,G,T,T,D,L,A,V,T,K,N,P,N,Q,T,S,V,D,K,L,T,T,A,V,G,I,D,A,G,N,K,K,I,S,N,V,A,D,G,D,I,S,P,T,S,G,D,V,V,T,G,R,Q,L,Y,A,L,M,Q,K,G,I,R,V,Y,G,D,E,V,S,P,T,K,T,Q,T,T,A,P,T,A,S,S,T,Q,G
KU143737.1,E-3C,A,D,G,T,I,T,F,T,D,I,G,G,T,G,Q,N,T,I,H,D,A,I,N,N,V,L,I,K,S,E,K,V,-,-,-,-,-,-,-,-,-,-,-,-,-,-,E,I,T,L,L,V,D,V,V,K,K,A,D,S,P,I,S,T,D,N,N,K,K,K,T,S,I,T,F,D,K,S,G,M,S,S,A,G,L,T,F,K,K,G,E,P,T,N,G,S,T,T,T,F,A,E,D,G,L,T,I,D,S,T,-,-,-,A,Q,T,N,L,V,K,V,S,R,D,G,F,S,V,K,N,G,S,K,L,A,P,T,K,L,S,E,N,A,E,H,V,E,V,G,I,A,L,K,A,N,N,T,A,D,K,A,T,G,T,A,I,K,L,T,A,N,S,K,D,A,V,N,G,G,Q,L,R,T,L,L,E,K,T,T,I,S,E,A,Q,A,L,T,D,A,T,L,A,Y,K,A,D,N,K,G,A,S,V,E,L,K,D,R,L,T,E,S,L,N,A,S,Q,N,I,I,A,T,E,G,I,V,L,T,K,S,G,S,G,N,D,A,T,D,G,-,-,I,K,V,S,A,D,T,D,A,V,D,K,L,F,K,-,A,I,N,D,A,L,G,T,T,D,L,A,V,T,K,N,P,N,Q,T,S,V,D,K,L,T,T,A,V,G,I,D,A,G,N,K,K,I,S,N,V,A,D,G,D,I,S,P,T,S,G,D,V,V,T,G,R,Q,L,Y,A,L,M,Q,K,G,I,R,V,Y,G,D,K,V,S,P,T,K,T,Q,T,T,A,P,T,A,S,S,T,Q,G
KU167075.1,F-8,A,D,G,T,I,T,F,T,N,I,G,G,T,G,Q,A,T,I,H,D,A,I,N,N,V,L,T,K,G,Q,K,V,-,-,-,-,-,-,-,-,-,-,-,-,-,-,E,I,T,L,S,A,-,T,N,Q,W,A,N,N,G,V,T,T,Y,N,S,Q,N,G,T,A,G,T,Y,N,T,T,G,L,Q,Q,T,T,L,E,-,A,T,G,I,T,S,S,V,G,S,T,N,Y,A,G,F,S,L,G,A,D,S,V,T,F,S,-,-,-,-,-,-,-,-,-,-,-,-,-,-,-,K,G,G,A,K,L,S,G,V,S,D,A,T,D,A,A,T,L,K,Q,Y,-,-,-,-,-,-,-,-,-,-,-,S,G,G,T,S,N,G,I,T,A,T,E,E,K,V,V,S,G,K,-,-,-,T,V,Y,D,D,T,T,L,N,K,I,Q,D,L,S,N,-,-,L,S,E,S,G,K,N,A,D,S,N,K,K,F,T,D,T,I,T,K,K,L,T,T,S,K,S,V,E,S,S,T,D,I,L,L,S,D,G,R,S,G,N,A,L,S,D,G,F,T,I,K,S,E,S,D,S,L,G,V,N,G,V,F,K,L,S,L,N,M,T,A,L,T,T,S,L,A,L,T,D,D,S,N,K,E,K,I,Q,K,S,K,V,T,L,G,I,D,A,G,N,K,K,I,S,N,V,A,D,G,D,I,S,P,T,S,G,D,V,V,T,G,R,Q,L,Y,A,L,M,Q,K,G,I,R,V,Y,G,D,E,V,S,P,T,K,T,Q,T,T,A,P,T,A,S,S,T,Q,G
KU167077.1,Gd1,A,D,G,T,I,T,F,T,N,I,G,G,T,G,Q,A,T,I,H,D,A,I,N,N,V,L,T,K,G,Q,K,V,-,-,-,-,-,-,-,-,-,-,-,-,-,-,E,I,T,L,S,A,-,T,N,Q,W,A,N,N,G,V,T,T,Y,N,S,Q,N,G,T,A,G,T,Y,N,T,T,G,L,Q,Q,T,T,L,G,-,A,T,G,I,T,S,S,V,G,S,T,N,Y,A,G,F,S,L,G,A,D,S,V,T,F,S,-,-,-,-,-,-,-,-,-,-,-,-,-,-,-,K,G,G,A,K,L,S,G,V,S,D,A,T,D,A,A,T,L,K,Q,Y,-,-,-,-,-,-,-,-,-,-,-,S,G,G,T,S,N,G,I,T,A,T,E,E,K,V,V,S,G,K,-,-,-,T,V,Y,D,D,T,T,L,N,K,I,Q,D,L,S,N,-,-,L,S,E,S,G,K,N,A,D,S,N,K,K,F,T,D,T,I,T,K,K,L,T,T,S,K,S,V,E,S,S,T,D,I,L,L,S,D,G,R,S,G,N,A,L,S,D,G,F,T,I,K,S,E,S,D,S,L,G,V,N,G,V,F,K,L,S,L,N,M,T,A,L,T,T,S,L,A,L,T,D,D,S,N,K,E,K,I,Q,K,S,K,V,T,L,G,I,D,A,G,N,K,K,I,S,N,V,A,D,G,D,I,S,P,T,S,G,D,V,V,T,G,R,Q,L,Y,A,L,M,Q,K,G,I,R,V,Y,G,D,E,V,S,P,T,K,T,Q,T,T,A,P,T,A,S,S,T,Q,G
KU167078.1,Gd2,A,D,G,T,I,T,F,T,N,I,G,G,T,G,Q,A,T,I,H,D,A,I,N,N,V,L,T,K,G,Q,K,V,-,-,-,-,-,-,-,-,-,-,-,-,-,-,E,I,T,L,S,A,-,T,N,Q,W,A,N,N,G,V,T,T,Y,N,S,Q,N,G,T,A,G,T,Y,N,T,T,G,L,Q,Q,T,T,L,G,-,A,T,G,I,T,S,S,V,G,S,T,N,Y,A,G,F,S,L,G,A,D,S,V,T,F,S,-,-,-,-,-,-,-,-,-,-,-,-,-,-,-,K,G,G,A,K,L,S,G,V,S,D,A,T,D,A,A,T,L,K,Q,Y,-,-,-,-,-,-,-,-,-,-,-,S,G,G,T,S,N,G,I,T,A,T,E,E,K,V,V,S,G,K,-,-,-,T,V,Y,D,D,T,T,L,N,K,I,Q,D,L,S,N,-,-,L,S,E,S,G,K,N,A,D,S,N,K,K,F,T,D,T,I,T,K,K,L,T,T,S,K,S,V,E,S,S,T,D,I,L,L,S,D,G,R,S,G,N,A,L,S,D,G,F,T,I,K,S,E,S,D,S,L,G,V,N,G,V,F,K,L,S,L,N,M,T,A,L,T,T,S,L,A,L,T,D,D,S,N,K,E,K,I,Q,K,S,K,V,T,L,G,I,D,A,G,N,K,K,I,S,N,V,A,D,G,D,I,S,P,T,S,G,D,V,V,T,G,R,Q,L,Y,A,L,M,Q,K,G,I,R,V,Y,G,D,E,V,S,P,T,K,T,Q,T,T,A,P,T,A,S,S,T,Q,G
KU167079.1,Gd3,A,D,G,T,I,T,F,T,N,I,G,G,T,G,Q,A,T,I,H,D,A,I,N,N,V,L,T,K,G,Q,K,V,-,-,-,-,-,-,-,-,-,-,-,-,-,-,E,I,T,L,S,A,-,T,N,Q,W,A,N,N,G,V,T,T,Y,N,S,Q,N,G,T,A,G,T,Y,N,T,T,G,L,Q,Q,T,T,L,G,-,A,T,G,I,T,S,S,V,G,S,T,N,Y,A,G,F,S,L,G,A,D,S,V,T,F,S,-,-,-,-,-,-,-,-,-,-,-,-,-,-,-,K,G,G,A,K,L,S,G,V,S,D,A,T,D,A,A,T,L,K,Q,Y,-,-,-,-,-,-,-,-,-,-,-,S,G,G,T,S,N,G,I,T,A,T,E,E,K,V,V,S,G,K,-,-,-,T,V,Y,D,D,T,T,L,N,K,I,Q,D,L,S,N,-,-,L,S,E,S,G,K,N,A,D,S,N,K,K,F,T,D,T,I,T,K,K,L,T,T,S,K,S,V,E,S,S,T,D,I,L,L,S,D,G,R,S,G,N,A,L,S,D,G,F,T,I,K,S,E,S,D,S,L,G,V,N,G,V,F,K,L,S,L,N,M,T,A,L,T,T,S,L,A,L,T,D,D,S,N,K,E,K,I,Q,K,S,K,V,T,L,G,I,D,A,G,N,K,K,I,S,N,V,A,D,G,D,I,S,P,T,S,G,D,V,V,T,G,R,Q,L,Y,A,L,M,Q,K,G,I,R,V,Y,G,D,E,V,S,P,T,K,T,Q,T,T,A,P,T,A,S,S,T,Q,G
KJ867496.1,H18,C,D,G,T,I,T,F,T,N,I,G,G,T,G,Q,D,T,I,H,D,A,I,N,N,V,L,T,K,G,E,A,V,Y,D,A,L,K,G,A,K,P,-,T,V,S,A,E,I,T,G,L,V,D,V,V,K,K,A,N,S,P,I,S,T,D,N,N,K,K,K,T,S,I,T,F,D,K,S,G,M,S,S,A,G,L,T,F,K,K,G,D,T,T,N,G,S,T,T,T,F,A,E,D,G,L,T,I,D,S,T,T,N,S,A,Q,T,N,L,V,K,V,S,R,D,G,F,S,V,K,N,G,S,K,L,A,S,T,K,L,S,E,N,A,E,H,V,E,V,G,I,A,L,K,A,D,N,T,S,D,K,A,T,G,T,A,I,K,L,T,V,N,S,K,D,A,V,N,G,G,Q,L,R,T,L,L,E,K,T,T,I,S,E,A,Q,A,L,T,D,A,T,L,A,Y,K,A,D,N,K,D,A,S,V,E,L,K,D,K,L,T,E,S,L,N,A,S,Q,N,I,I,A,T,E,G,I,V,L,T,K,S,G,S,G,N,D,A,T,D,G,-,-,I,K,V,S,A,D,T,D,A,V,D,K,L,F,K,-,A,I,N,D,A,L,G,T,T,D,L,A,V,T,K,N,P,N,Q,T,S,V,D,K,L,T,T,A,V,G,I,D,A,G,N,K,K,I,S,N,V,A,D,G,D,I,S,P,T,S,G,D,V,V,T,G,R,Q,L,Y,A,L,M,Q,K,G,I,R,V,Y,G,D,E,V,S,P,T,K,T,Q,T,T,A,P,T,A,S,S,T,Q,G
KU167088.1,Heb,A,D,G,T,I,T,F,T,N,I,G,G,T,G,Q,D,T,I,H,D,A,I,N,N,V,L,T,K,G,E,A,V,Y,E,P,L,K,G,A,K,P,-,T,V,S,A,E,I,T,G,L,V,D,V,V,K,K,A,N,S,P,I,S,T,D,N,N,K,K,K,T,S,I,T,F,D,K,S,G,M,S,S,A,G,L,T,F,K,K,G,D,T,T,N,G,S,T,T,T,F,A,E,D,G,L,T,I,D,S,T,T,N,S,A,Q,T,N,L,V,K,V,S,R,D,G,F,S,V,K,N,G,S,K,L,A,P,T,K,L,S,E,N,A,E,H,V,E,V,G,I,A,L,K,A,D,N,T,S,D,K,A,T,G,T,A,I,K,L,T,A,N,S,K,D,A,V,N,G,G,Q,L,R,T,L,L,E,K,T,T,I,S,E,A,Q,A,L,T,D,A,T,L,A,Y,K,A,D,N,K,S,A,S,V,E,L,K,D,R,L,T,E,S,L,N,A,S,Q,N,I,I,A,T,E,G,I,V,L,T,K,S,G,S,G,N,D,A,T,D,G,-,-,I,K,V,S,A,D,T,D,A,V,D,K,L,F,K,-,A,I,N,D,A,L,G,T,T,D,L,A,V,T,K,D,P,N,Q,T,S,V,D,K,L,T,T,A,V,G,I,D,A,G,N,K,K,I,S,N,V,A,D,G,D,I,S,P,T,S,G,D,V,V,T,G,R,Q,L,Y,A,L,M,Q,K,G,I,R,L,Y,G,D,E,V,S,P,T,K,T,Q,T,T,A,P,T,A,S,S,T,Q,G
KU167087.1,Hp12,A,D,G,T,I,T,F,T,N,I,G,G,T,G,Q,D,T,I,H,D,A,I,N,N,V,L,T,K,G,E,A,V,Y,E,P,L,K,G,A,K,P,-,T,V,S,A,E,I,T,G,L,V,D,V,V,K,K,A,N,S,P,I,S,T,D,N,N,K,K,K,T,S,I,T,F,D,K,S,G,M,S,S,A,G,L,T,F,K,K,G,D,T,T,N,G,S,T,T,T,F,A,E,D,G,L,T,I,D,S,T,T,N,S,A,Q,T,N,L,V,K,V,S,R,D,G,F,S,V,K,N,G,S,K,L,A,P,T,K,L,S,E,N,A,E,H,V,E,V,G,I,A,L,K,A,D,N,T,S,D,K,A,T,G,T,A,I,K,L,T,A,N,S,K,D,A,V,N,G,G,Q,L,R,T,L,L,E,K,T,T,I,S,E,A,Q,A,L,T,D,A,T,L,A,Y,K,A,D,N,K,S,A,S,V,E,L,K,D,R,L,T,E,S,L,N,A,S,Q,N,I,I,A,T,E,G,I,V,L,T,K,S,G,S,G,N,D,A,T,D,G,-,-,I,K,V,S,A,D,T,D,A,V,D,K,L,F,K,-,A,I,N,D,A,L,G,T,T,D,L,A,V,T,K,D,P,N,Q,T,S,V,D,K,L,T,T,A,V,G,I,D,A,G,N,K,K,I,S,N,V,A,D,G,D,I,S,P,T,S,G,D,V,V,T,G,R,Q,L,Y,A,L,M,Q,K,G,I,R,L,Y,G,D,E,V,S,P,T,K,T,Q,T,T,A,P,T,A,S,S,T,Q,G
KU143738.1,HP14,A,D,G,T,I,T,F,T,D,I,G,G,T,G,Q,N,T,I,H,D,A,I,N,N,V,L,I,K,S,E,K,V,-,-,-,-,-,-,-,-,-,-,-,-,-,-,E,I,T,L,L,V,D,V,V,K,K,A,D,S,P,I,S,T,D,N,N,K,K,K,T,S,I,T,F,D,K,S,G,M,S,S,A,G,L,T,F,K,K,G,D,T,T,N,G,S,T,T,T,F,A,E,D,G,L,T,I,D,S,T,T,N,S,A,Q,T,N,L,V,K,V,S,R,D,G,F,S,V,K,N,G,S,K,L,A,P,T,K,L,S,E,N,A,E,H,V,E,V,G,I,A,L,K,A,N,N,T,T,G,K,T,A,G,N,A,I,K,L,T,A,G,S,K,D,A,V,N,G,G,Q,L,R,T,L,L,E,K,T,T,I,S,E,A,Q,A,L,T,D,A,K,L,A,Y,K,A,D,N,K,D,A,S,V,E,L,K,D,K,L,I,E,S,L,N,A,S,R,N,I,I,A,T,E,G,I,V,L,T,K,S,G,S,G,N,D,A,T,D,G,-,-,I,K,V,S,A,D,T,D,A,V,D,K,L,F,K,-,A,I,N,D,A,L,G,T,T,D,L,A,V,T,K,D,P,N,Q,T,S,V,D,K,L,T,T,A,V,G,I,D,A,G,N,K,K,I,S,N,V,A,D,G,D,I,S,P,T,S,G,D,V,V,T,G,R,Q,L,Y,A,L,M,Q,K,G,I,R,V,Y,G,D,E,V,S,P,T,K,T,Q,T,T,A,P,T,A,S,S,T,Q,G
KU143744.1,HP60,C,D,G,T,I,T,F,T,N,I,G,G,T,G,Q,D,T,I,H,D,A,I,N,N,V,L,T,K,G,K,A,V,Y,E,A,L,K,S,A,K,P,T,T,V,S,A,E,I,T,G,L,V,D,V,V,K,K,A,N,S,P,I,S,T,D,N,N,K,K,K,T,S,I,T,F,D,K,S,G,M,S,S,A,G,L,T,F,K,K,G,D,T,T,N,G,S,T,T,T,F,A,E,D,G,L,T,I,D,S,T,T,N,S,A,Q,T,N,L,V,K,V,S,R,D,G,F,S,V,K,N,G,S,K,L,A,P,T,K,L,S,E,N,A,E,H,V,E,V,G,I,A,L,K,A,N,N,T,T,G,K,T,A,G,N,A,I,K,L,T,A,G,S,K,D,A,V,N,G,G,Q,L,R,T,L,L,E,K,T,T,I,S,E,A,Q,A,L,T,D,A,K,L,A,Y,K,A,D,N,K,D,A,S,V,E,L,K,D,K,L,I,E,S,L,N,A,S,R,N,I,I,A,T,E,G,I,V,L,T,K,S,G,S,G,N,D,A,T,D,G,-,-,I,K,V,S,A,D,T,D,A,V,D,K,L,F,K,-,A,I,N,D,A,L,G,T,T,D,L,A,V,T,K,D,P,N,Q,T,S,V,D,K,L,T,T,A,V,G,I,D,A,G,N,K,K,I,S,N,V,A,D,G,D,I,S,P,T,S,G,D,V,V,T,G,R,Q,L,Y,A,L,M,Q,K,G,I,R,V,Y,G,D,E,V,S,P,T,K,T,Q,T,T,A,P,T,A,S,S,T,Q,G
KU167080.1,Jing,A,D,G,T,I,T,F,T,N,I,G,G,T,G,Q,D,T,I,H,D,A,I,N,N,V,L,T,K,G,E,A,V,Y,E,P,L,K,G,A,K,P,-,T,V,S,A,E,I,T,G,L,V,D,V,V,K,K,A,N,S,P,I,S,T,D,N,N,K,K,K,T,S,I,T,F,D,K,S,G,M,S,S,A,G,L,T,F,K,K,G,D,T,T,N,G,S,T,T,T,F,A,E,D,G,L,T,I,D,S,T,T,N,S,A,Q,T,N,L,V,K,V,S,R,D,G,F,S,V,K,N,G,S,K,L,A,P,T,K,L,S,E,N,A,E,H,V,E,V,G,I,A,L,K,A,D,N,T,S,D,K,A,T,G,T,A,I,K,L,T,A,N,S,K,D,A,V,N,G,G,Q,L,R,T,L,L,E,K,T,T,I,S,E,A,Q,A,L,T,D,A,T,L,A,Y,K,A,D,N,K,S,A,S,V,E,L,K,D,R,L,T,E,S,L,N,A,S,Q,N,I,I,A,T,E,G,I,V,L,T,K,S,G,S,G,N,D,A,T,D,G,-,-,I,K,V,S,A,D,T,D,A,V,D,K,L,F,K,-,A,I,N,D,A,L,G,T,T,D,L,A,V,T,K,D,P,N,Q,T,S,V,D,K,L,T,T,A,V,G,I,D,A,G,N,K,K,I,S,N,V,A,D,G,D,I,S,P,T,S,G,D,V,V,T,G,R,Q,L,Y,A,L,M,Q,K,G,I,R,L,Y,G,D,E,V,S,P,T,K,T,Q,T,T,A,P,T,A,S,S,T,Q,G
KU167093.1,L-B,B,D,G,T,I,T,F,T,N,I,G,G,T,G,Q,D,T,I,H,D,A,I,N,N,V,L,T,K,G,E,P,V,Y,E,P,L,K,G,A,K,P,-,T,V,S,A,E,I,T,G,L,V,D,V,V,K,K,A,N,S,P,I,S,T,D,N,N,K,K,K,T,S,I,T,F,D,K,S,G,M,S,S,A,G,L,T,F,K,K,G,D,T,T,N,G,S,T,T,T,F,A,E,D,G,L,T,I,D,S,T,T,N,S,A,Q,T,N,L,V,K,V,S,R,D,G,F,S,V,K,N,G,S,K,L,A,P,T,K,L,S,E,N,A,E,H,V,E,V,G,I,A,L,K,A,D,N,T,S,D,K,A,T,G,T,A,I,K,L,T,A,N,S,K,D,A,V,N,G,G,Q,L,R,T,L,L,E,K,T,T,I,S,E,A,Q,A,L,T,D,A,T,L,V,Y,K,A,D,N,K,G,A,S,V,E,L,K,D,R,L,T,E,S,L,N,A,S,Q,N,I,I,A,T,E,G,I,V,L,T,K,S,G,S,G,N,D,A,T,D,G,-,-,I,K,V,S,A,D,T,D,A,V,D,K,L,F,K,-,A,I,N,D,A,L,G,T,T,D,L,A,V,T,K,N,P,N,Q,T,S,V,D,K,L,T,T,A,V,G,I,D,A,G,N,K,K,I,S,N,V,A,D,G,D,I,S,P,T,S,G,D,V,V,T,G,R,Q,L,Y,A,L,M,Q,K,G,I,R,V,Y,G,D,E,V,S,P,T,K,T,Q,T,T,A,P,T,A,S,S,T,Q,G
KU167094.1,L-D,B,D,G,T,I,T,F,T,N,I,G,G,T,G,Q,D,T,I,H,D,A,I,N,N,V,L,T,K,G,E,P,V,Y,E,P,L,K,G,A,K,P,-,T,V,S,A,E,I,T,G,L,V,D,V,V,K,K,A,N,S,P,I,S,T,D,N,N,K,K,K,T,S,I,T,F,D,K,S,G,M,S,S,A,G,L,T,F,K,K,G,D,T,T,N,G,S,T,T,T,F,A,E,D,G,L,T,I,D,S,T,T,N,S,A,Q,T,N,L,V,K,V,S,R,D,G,F,S,V,K,N,G,S,K,L,A,P,T,K,L,S,E,N,A,E,H,V,E,V,G,I,A,L,K,A,D,N,T,S,D,K,A,T,G,T,A,I,K,L,T,A,N,S,K,D,A,V,N,G,G,Q,L,R,T,L,L,E,K,T,T,I,S,E,A,Q,A,L,T,D,A,T,L,V,Y,K,A,D,N,K,G,A,S,V,E,L,K,D,R,L,T,E,S,L,N,A,S,Q,N,I,I,A,T,E,G,I,V,L,T,K,S,G,S,G,N,D,A,T,D,G,-,-,I,K,V,S,A,D,T,D,A,V,D,K,L,F,K,-,A,I,N,D,A,L,G,T,T,D,L,A,V,T,K,N,P,N,Q,T,S,V,D,K,L,T,T,A,V,G,I,D,A,G,N,K,K,I,S,N,V,A,D,G,D,I,S,P,T,S,G,D,V,V,T,G,R,Q,L,Y,A,L,M,Q,K,G,I,R,V,Y,G,D,E,V,S,P,T,K,T,Q,T,T,A,P,T,A,S,S,T,Q,G
KU167095.1,L-E,B,D,G,T,I,T,F,T,N,I,G,G,T,G,Q,D,T,I,H,D,A,I,N,N,V,L,T,K,G,E,P,V,Y,E,P,L,K,G,A,K,P,-,T,V,S,A,E,I,T,G,L,V,D,V,V,K,K,A,N,S,P,I,S,T,D,N,N,K,K,K,T,S,I,T,F,D,K,S,G,M,S,S,A,G,L,T,F,K,K,G,D,T,T,N,G,S,T,T,T,F,A,E,D,G,L,T,I,D,S,T,T,N,S,A,Q,T,N,L,V,K,V,S,R,D,G,F,S,V,K,N,G,S,K,L,A,P,T,K,L,S,E,N,A,E,H,V,E,V,G,I,A,L,K,A,D,N,T,S,D,K,A,T,G,T,A,I,K,L,T,A,N,S,K,D,A,V,N,G,G,Q,L,R,T,L,L,E,K,T,T,I,S,E,A,Q,A,L,T,D,A,T,L,V,Y,K,A,D,N,K,G,A,S,V,E,L,K,D,R,L,T,E,S,L,N,A,S,Q,N,I,I,A,T,E,G,I,V,L,T,K,S,G,S,G,N,D,A,T,D,G,-,-,I,K,V,S,A,D,T,D,A,V,D,K,L,F,K,-,A,I,N,D,A,L,G,T,T,D,L,A,V,T,K,N,P,N,Q,T,S,V,D,K,L,T,T,A,V,G,I,D,A,G,N,K,K,I,S,N,V,A,D,G,D,I,S,P,T,S,G,D,V,V,T,G,R,Q,L,Y,A,L,M,Q,K,G,I,R,V,Y,G,D,E,V,S,P,T,K,T,Q,T,T,A,P,T,A,S,S,T,Q,G
KU167096.1,L-F,B,D,G,T,I,T,F,T,N,I,G,G,T,G,Q,D,T,I,H,D,A,I,N,N,V,L,T,K,G,E,P,V,Y,E,P,L,K,G,A,K,P,-,T,V,S,A,E,I,T,G,L,V,D,V,V,K,K,A,N,S,P,I,S,T,D,N,N,K,K,K,T,S,I,T,F,D,K,S,G,M,S,S,A,G,L,T,F,K,K,G,D,T,T,N,G,S,T,T,T,F,A,E,D,G,L,T,I,D,S,T,T,N,S,A,Q,T,N,L,V,K,V,S,R,D,G,F,S,V,K,N,G,S,K,L,A,P,T,K,L,S,E,N,A,E,H,V,E,V,G,I,A,L,K,A,D,N,T,S,D,K,A,T,G,T,A,I,K,L,T,A,N,S,K,D,A,V,N,G,G,Q,L,R,T,L,L,E,K,T,T,I,S,E,A,Q,A,L,T,D,A,T,L,V,Y,K,A,D,N,K,G,A,S,V,E,L,K,D,R,L,T,E,S,L,N,A,S,Q,N,I,I,A,T,E,G,I,V,L,T,K,S,G,S,G,N,D,A,T,D,G,-,-,I,K,V,S,A,D,T,D,A,V,D,K,L,F,K,-,A,I,N,D,A,L,G,T,T,D,L,A,V,T,K,N,P,N,Q,T,S,V,D,K,L,T,T,A,V,G,I,D,A,G,N,K,K,I,S,N,V,A,D,G,D,I,S,P,T,S,G,D,V,V,T,G,R,Q,L,Y,A,L,M,Q,K,G,I,R,V,Y,G,D,E,V,S,P,T,K,T,Q,T,T,A,P,T,A,S,S,T,Q,G
KU167085.1,LC4,A,D,G,T,I,T,F,T,N,I,G,G,T,G,Q,D,T,I,H,D,A,I,N,N,V,L,T,K,G,E,A,V,Y,E,P,L,K,G,A,K,P,-,T,V,S,A,E,I,T,G,L,V,D,V,V,K,K,A,N,S,P,I,S,T,D,N,N,K,K,K,T,S,I,T,F,D,K,S,G,M,S,S,A,G,L,T,F,K,K,G,D,T,T,N,G,S,T,T,T,F,A,E,D,G,L,T,I,D,S,T,T,N,S,A,Q,T,N,L,V,K,V,S,R,D,G,F,S,V,K,N,G,S,K,L,A,P,T,K,L,S,E,N,A,E,H,V,E,V,G,I,A,L,K,A,D,N,T,S,D,K,A,T,G,T,A,I,K,L,T,A,N,S,K,D,A,V,N,G,G,Q,L,R,T,L,L,E,K,T,T,I,S,E,A,Q,A,L,T,D,A,T,L,A,Y,K,A,D,N,K,S,A,S,V,E,L,K,D,R,L,T,E,S,L,N,A,S,Q,N,I,I,A,T,E,G,I,V,L,T,K,S,G,S,G,N,D,A,T,D,G,-,-,I,K,V,S,A,D,T,D,A,V,D,K,L,F,K,-,A,I,N,D,A,L,G,T,T,D,L,A,V,T,K,D,P,N,Q,T,S,V,D,K,L,T,T,A,V,G,I,D,A,G,N,K,K,I,S,N,V,A,D,G,D,I,S,P,T,S,G,D,V,V,T,G,R,Q,L,Y,A,L,M,Q,K,G,I,R,L,Y,G,D,E,V,S,P,T,K,T,Q,T,T,A,P,T,A,S,S,T,Q,G
KU167086.1,LC6,A,D,G,T,I,T,F,T,N,I,G,G,T,G,Q,D,T,I,H,D,A,I,N,N,V,L,T,K,G,E,A,V,Y,E,P,L,K,G,A,K,P,-,T,V,S,A,E,I,T,G,L,V,D,V,V,K,K,A,N,S,P,I,S,T,D,N,N,K,K,K,T,S,I,T,F,D,K,S,G,M,S,S,A,G,L,T,F,K,K,G,D,T,T,N,G,S,T,T,T,F,A,E,D,G,L,T,I,D,S,T,T,N,S,A,Q,T,N,L,V,K,V,S,R,D,G,F,S,V,K,N,G,S,K,L,A,P,T,K,L,S,E,N,A,E,H,V,E,V,G,I,A,L,K,A,D,N,T,S,D,K,A,T,G,T,A,I,K,L,T,A,N,S,K,D,A,V,N,G,G,Q,L,R,T,L,L,E,K,T,T,I,S,E,A,Q,A,L,T,D,A,T,L,A,Y,K,A,D,N,K,S,A,S,V,E,L,K,D,R,L,T,E,S,L,N,A,S,Q,N,I,I,A,T,E,G,I,V,L,T,K,S,G,S,G,N,D,A,T,D,G,-,-,I,K,V,S,A,D,T,D,A,V,D,K,L,F,K,-,A,I,N,D,A,L,G,T,T,D,L,A,V,T,K,D,P,N,Q,T,S,V,D,K,L,T,T,A,V,G,I,D,A,G,N,K,K,I,S,N,V,A,D,G,D,I,S,P,T,S,G,D,V,V,T,G,R,Q,L,Y,A,L,M,Q,K,G,I,R,L,Y,G,D,E,V,S,P,T,K,T,Q,T,T,A,P,T,A,S,S,T,Q,G
KU143742.1,Modesto,C,D,G,T,I,T,F,T,N,I,G,G,T,G,Q,D,T,I,H,D,A,I,N,N,V,L,T,K,G,E,A,V,Y,D,A,L,K,G,A,K,P,-,T,V,S,A,E,I,T,G,L,V,D,V,V,K,K,A,N,S,P,I,S,T,D,N,N,K,K,K,T,S,I,T,F,D,K,S,G,M,S,S,A,G,L,T,F,K,K,G,D,T,T,N,G,S,T,T,T,F,A,E,D,G,L,T,I,D,S,T,T,N,S,A,Q,T,N,L,V,K,V,S,R,D,G,F,S,V,K,N,G,S,K,L,A,S,T,K,L,S,E,N,A,E,H,V,E,V,G,I,A,L,K,A,D,N,T,S,D,K,A,T,G,T,A,I,K,L,T,V,N,S,K,D,A,V,N,G,G,Q,L,R,T,L,L,E,K,T,T,I,S,E,A,Q,A,L,T,D,A,T,L,A,Y,K,A,D,N,K,D,A,S,V,E,L,K,D,K,L,T,E,S,L,N,A,S,Q,N,I,I,A,T,E,G,I,V,L,T,K,S,G,S,G,N,D,A,T,D,G,-,-,I,K,V,S,A,D,T,D,A,V,D,K,L,F,K,-,A,I,N,D,A,L,G,T,T,D,L,A,V,T,K,N,P,N,Q,T,S,V,D,K,L,T,T,A,V,G,I,D,A,G,N,K,K,I,S,N,V,A,D,G,D,I,S,P,T,S,G,D,V,V,T,G,R,Q,L,Y,A,L,M,Q,K,G,I,R,V,Y,G,D,E,V,S,P,T,K,T,Q,T,T,A,P,T,A,S,S,T,Q,G
KU167081.1,Nong,A,D,G,T,I,T,F,T,N,I,G,G,T,G,Q,D,T,I,H,D,A,I,N,N,V,L,T,K,G,E,A,V,Y,E,P,L,K,G,A,K,P,-,T,V,S,A,E,I,T,G,L,V,D,V,V,K,K,A,N,S,P,I,S,T,D,N,N,K,K,K,T,S,I,T,F,D,K,S,G,M,S,S,A,G,L,T,F,K,K,G,D,T,T,N,G,S,T,T,T,F,A,E,D,G,L,T,I,D,S,T,T,N,S,A,Q,T,N,L,V,K,V,S,R,D,G,F,S,V,K,N,G,S,K,L,A,P,T,K,L,S,E,N,A,E,H,V,E,V,G,I,A,L,K,A,D,N,T,S,D,K,A,T,G,T,A,I,K,L,T,A,N,S,K,D,A,V,N,G,G,Q,L,R,T,L,L,E,K,T,T,I,S,E,A,Q,A,L,T,D,A,T,L,A,Y,K,A,D,N,K,S,A,S,V,E,L,K,D,R,L,T,E,S,L,N,A,S,Q,N,I,I,A,T,E,G,I,V,L,T,K,S,G,S,G,N,D,A,T,D,G,-,-,I,K,V,S,A,D,T,D,A,V,D,K,L,F,K,-,A,I,N,D,A,L,G,T,T,D,L,A,V,T,K,D,P,N,Q,T,S,V,D,K,L,T,T,A,V,G,I,D,A,G,N,K,K,I,S,N,V,A,D,G,D,I,S,P,T,S,G,D,V,V,T,G,R,Q,L,Y,A,L,M,Q,K,G,I,R,L,Y,G,D,E,V,S,P,T,K,T,Q,T,T,A,P,T,A,S,S,T,Q,G
KY819141.1,S48,B,-,-,-,-,-,-,-,-,-,-,-,-,-,-,-,-,-,-,-,-,-,-,-,-,-,-,-,G,E,A,V,Y,E,A,L,K,G,A,K,P,-,T,V,S,A,E,I,T,G,L,V,D,V,V,K,K,A,N,S,P,I,S,T,D,N,N,K,K,K,T,S,I,T,F,D,K,S,G,M,S,S,A,G,L,T,F,K,K,G,D,T,T,N,G,S,T,T,T,F,A,E,D,G,L,T,I,D,S,T,T,N,S,A,Q,T,N,L,V,K,V,S,R,D,G,F,S,V,K,N,G,S,K,L,A,P,T,K,L,S,E,N,A,E,H,V,E,V,G,I,A,L,K,A,D,N,T,S,D,K,A,T,G,T,A,I,K,L,T,A,N,S,K,D,A,V,N,G,G,Q,L,R,T,L,L,E,K,T,T,I,S,E,A,Q,A,L,T,D,A,T,L,A,Y,K,A,D,N,K,D,A,S,V,E,L,K,D,R,L,T,E,S,L,N,A,S,Q,N,I,I,A,T,E,G,I,V,L,T,K,S,G,S,G,N,D,A,T,D,G,-,-,I,K,V,S,A,D,T,D,A,V,D,K,L,F,K,-,A,I,N,D,A,L,G,T,T,D,L,A,V,T,K,D,P,N,Q,T,S,V,D,K,L,T,T,A,V,D,I,D,A,G,N,K,K,I,S,N,V,A,D,G,D,I,S,P,T,S,G,D,V,V,T,G,R,Q,L,Y,A,-,-,-,-,-,-,-,-,-,-,-,-,-,-,-,-,-,-,-,-,-,-,-,-,-,-,-,-,-,-
KU143743.1,SA-3,C,D,G,T,I,T,F,T,N,I,G,G,T,G,Q,D,T,I,H,D,A,I,N,N,V,L,T,K,G,E,G,V,Y,D,A,L,K,G,A,K,P,-,T,V,S,A,E,I,T,G,L,V,D,V,V,K,K,A,N,S,P,I,S,T,D,N,N,K,K,K,T,S,I,T,F,D,K,P,G,M,S,S,A,G,L,T,F,K,K,G,D,T,T,N,G,S,T,T,T,F,A,E,D,G,L,T,I,D,S,T,T,N,S,A,Q,T,N,L,V,K,V,S,R,D,G,F,S,V,K,N,G,S,K,L,A,S,T,K,L,S,E,N,A,E,H,V,E,V,G,I,A,L,K,A,D,N,T,S,D,K,A,T,G,T,A,I,K,L,T,A,N,S,K,D,A,V,N,G,G,Q,L,R,T,L,L,E,K,T,T,I,S,E,A,Q,A,L,T,N,A,T,L,A,Y,K,A,D,N,K,D,A,S,V,E,L,K,D,R,L,T,E,S,L,N,A,S,Q,N,I,I,A,T,E,G,I,V,L,T,K,S,G,S,G,N,D,V,T,D,G,-,-,I,K,V,S,A,D,T,D,A,V,D,K,L,F,K,-,A,I,N,D,A,L,G,T,T,D,L,A,V,T,K,N,P,N,Q,T,S,V,D,K,L,T,T,A,V,G,I,D,A,G,N,K,K,I,S,N,V,A,D,G,D,I,S,P,T,S,G,D,V,V,T,G,R,Q,L,Y,A,L,M,Q,K,G,I,R,L,Y,G,D,E,V,S,P,T,K,T,Q,T,T,A,P,T,A,S,S,T,Q,G
KU167089.1,Sd1,A,D,G,T,I,T,F,T,N,I,G,G,T,G,Q,D,T,I,H,D,A,I,N,N,V,L,T,K,G,E,A,V,Y,E,P,L,K,G,A,K,P,-,T,V,S,A,E,I,T,G,L,V,D,V,V,K,K,A,N,S,P,I,S,T,D,N,N,K,K,K,T,S,I,T,F,D,K,S,G,M,S,S,A,G,L,T,F,K,K,G,D,T,T,N,G,S,T,T,T,F,A,E,D,G,L,T,I,D,S,T,T,N,S,A,Q,T,N,L,V,K,V,S,R,D,G,F,S,V,K,N,G,S,K,L,A,P,T,K,L,S,E,N,A,E,H,V,E,V,G,I,A,L,K,A,D,N,T,S,D,K,A,T,G,T,A,I,K,L,T,A,N,S,K,D,A,V,N,G,G,Q,L,R,T,L,L,E,K,T,T,I,S,E,A,Q,A,L,T,D,A,T,L,A,Y,K,A,D,N,K,S,A,S,V,E,L,K,D,R,L,T,E,S,L,N,A,S,Q,N,I,I,A,T,E,G,I,V,L,T,K,S,G,S,G,N,D,A,T,D,G,-,-,I,K,V,S,A,D,T,D,A,V,D,K,L,F,K,-,A,I,N,D,A,L,G,T,T,D,L,A,V,T,K,D,P,N,Q,T,S,V,D,K,L,T,T,A,V,G,I,D,A,G,N,K,K,I,S,N,V,A,D,G,D,I,S,P,T,S,G,D,V,V,T,G,R,Q,L,Y,A,L,M,Q,K,G,I,R,L,Y,G,D,E,V,S,P,T,K,T,Q,T,T,A,P,T,A,S,S,T,Q,G
KU167090.1,Sd2,A,D,G,T,I,T,F,T,N,I,G,G,T,G,Q,D,T,I,H,D,A,I,N,N,V,L,T,K,G,E,A,V,Y,E,P,L,K,G,A,K,P,-,T,V,S,A,E,I,T,G,L,V,D,V,V,K,K,A,N,S,P,I,S,T,D,N,N,K,K,K,T,S,I,T,F,D,K,S,G,M,S,S,A,G,L,T,F,K,K,G,D,T,T,N,G,S,T,T,T,F,A,E,D,G,L,T,I,D,S,T,T,N,S,A,Q,T,N,L,V,K,V,S,R,D,G,F,S,V,K,N,G,S,K,L,A,P,T,K,L,S,E,N,A,E,H,V,E,V,G,I,A,L,K,A,D,N,T,S,D,K,A,T,G,T,A,I,K,L,T,A,N,S,K,D,A,V,N,G,G,Q,L,R,T,L,L,E,K,T,T,I,S,E,A,Q,A,L,T,D,A,T,L,A,Y,K,A,D,N,K,S,A,S,V,E,L,K,D,R,L,T,E,S,L,N,A,S,Q,N,I,I,A,T,E,G,I,V,L,T,K,S,G,S,G,N,D,A,T,D,G,-,-,I,K,V,S,A,D,T,D,A,V,D,K,L,F,K,-,A,I,N,D,A,L,G,T,T,D,L,A,V,T,K,D,P,N,Q,T,S,V,D,K,L,T,T,A,V,G,I,D,A,G,N,K,K,I,S,N,V,A,D,G,D,I,S,P,T,S,G,D,V,V,T,G,R,Q,L,Y,A,L,M,Q,K,G,I,R,L,Y,G,D,E,V,S,P,T,K,T,Q,T,T,A,P,T,A,S,S,T,Q,G
MW533118.1,Spross,B,D,G,T,I,T,F,T,N,I,G,G,T,G,Q,D,T,I,H,D,A,I,N,N,V,L,T,K,G,E,P,V,Y,E,P,L,K,G,A,K,P,-,T,V,S,A,E,I,T,G,L,V,D,V,V,K,K,A,N,S,P,I,S,T,D,N,N,K,K,K,T,S,I,T,F,D,K,S,G,M,S,S,A,G,L,T,F,K,K,G,D,T,T,N,G,S,T,T,T,F,A,E,D,G,L,T,I,D,S,T,T,N,S,A,Q,T,N,L,V,K,V,S,R,D,G,F,S,V,K,N,G,S,K,L,A,P,T,K,L,S,E,N,A,E,H,V,E,V,G,I,A,L,K,A,D,N,T,S,D,K,A,T,G,T,A,I,K,L,T,A,N,S,K,D,A,V,N,G,G,Q,L,R,T,L,L,E,K,T,T,I,S,E,A,Q,A,L,T,N,A,T,L,A,Y,K,A,D,S,K,D,A,S,V,E,L,K,D,R,L,T,E,S,L,N,A,S,Q,N,I,I,A,T,E,G,I,V,L,T,K,S,G,S,G,N,D,A,T,D,G,-,-,I,K,V,S,A,D,T,D,A,V,D,K,L,F,K,-,A,I,N,D,A,L,G,T,T,D,L,A,V,T,K,D,P,N,Q,T,S,V,D,K,L,T,T,A,V,D,I,D,A,G,N,K,K,I,S,N,V,A,D,G,D,I,S,P,T,S,G,D,V,V,T,G,R,Q,L,Y,A,L,M,Q,K,G,I,R,V,Y,G,D,E,V,S,P,T,K,T,Q,T,T,A,P,T,A,S,S,T,Q,G
KU167074.1,TC,C,D,G,T,I,T,F,T,N,I,G,G,T,G,Q,D,T,I,H,D,A,I,N,N,V,L,T,K,G,E,A,V,Y,D,A,L,K,G,A,K,P,-,T,V,S,A,E,I,T,G,L,V,D,V,V,K,K,A,N,S,P,I,S,T,D,N,N,K,K,K,T,S,I,T,F,D,K,S,G,M,S,S,A,G,L,T,F,K,K,G,D,T,T,N,G,S,T,T,T,F,A,E,D,G,L,T,I,D,S,T,T,N,S,A,Q,T,N,L,V,K,V,S,R,D,G,F,S,V,K,N,G,S,K,L,A,S,T,K,L,S,E,N,A,E,H,V,E,V,G,I,A,L,K,A,D,N,T,S,D,K,A,T,G,T,A,I,K,L,T,V,N,S,K,D,A,V,N,G,G,Q,L,R,T,L,L,E,K,T,T,I,S,E,A,Q,A,L,T,D,A,T,L,A,Y,K,A,D,N,K,D,A,S,V,E,L,K,D,K,L,T,E,S,L,N,A,S,Q,N,I,I,A,T,E,G,I,V,L,T,K,S,G,S,G,N,D,A,T,D,G,-,-,I,K,V,S,A,D,T,D,A,V,D,K,L,F,K,-,A,I,N,D,A,L,G,T,T,D,L,A,V,T,K,N,P,N,Q,T,S,V,D,K,L,T,T,A,V,G,I,D,A,G,N,K,K,I,S,N,V,A,D,G,D,I,S,P,T,S,G,D,V,V,T,G,R,Q,L,Y,A,L,M,Q,K,G,I,R,V,Y,G,D,E,V,S,P,T,K,T,Q,T,T,A,P,T,A,S,S,T,Q,G
KU167073.1,TS,C,D,G,T,I,T,F,T,N,I,G,G,T,G,Q,D,T,I,H,D,A,I,N,N,V,L,T,K,G,E,A,V,Y,D,A,L,K,G,A,K,P,-,T,V,S,A,E,I,T,G,L,V,D,V,V,K,K,A,N,S,P,I,S,T,D,N,N,K,K,K,T,S,I,T,F,D,K,S,G,M,S,S,A,G,L,T,F,K,K,G,D,T,T,N,G,S,T,T,T,F,A,E,D,G,L,T,I,D,S,T,T,N,S,A,Q,T,N,L,V,K,V,S,R,D,G,F,S,V,K,N,G,S,K,L,A,S,T,K,L,S,E,N,A,E,H,V,E,V,G,I,A,L,K,A,D,N,T,S,D,K,A,T,G,T,A,I,K,L,T,V,N,S,K,D,A,V,N,G,G,Q,L,R,T,L,L,E,K,T,T,I,S,E,A,Q,A,L,T,D,A,T,L,A,Y,K,A,D,N,K,D,A,S,V,E,L,K,D,K,L,T,E,S,L,N,A,S,Q,N,I,I,A,T,E,G,I,V,V,T,K,S,G,S,G,N,D,A,T,D,G,-,-,I,K,V,S,A,D,T,D,A,V,D,K,L,F,K,-,A,I,N,D,A,L,G,T,T,D,L,A,V,T,K,N,P,N,Q,T,S,V,D,K,L,T,T,A,V,G,I,D,A,G,N,K,K,I,S,N,V,A,D,G,D,I,S,P,T,S,G,D,V,V,T,G,R,Q,L,Y,A,L,M,Q,K,G,I,R,V,Y,G,D,E,V,S,P,T,K,T,Q,T,T,A,P,T,A,S,S,T,Q,G
KU167072.1,TW,C,D,G,T,I,T,F,T,N,I,G,G,T,G,Q,D,T,I,H,D,A,I,N,N,V,L,T,K,G,E,A,V,Y,D,A,L,K,G,A,K,P,-,T,V,S,A,E,I,T,G,L,V,D,V,V,K,K,A,N,S,P,I,S,T,D,N,N,K,K,K,T,S,I,T,F,D,K,S,G,M,S,S,A,G,L,T,F,K,K,G,D,T,T,N,G,S,T,T,T,F,A,E,D,G,L,T,I,D,S,T,T,N,S,A,Q,T,N,L,V,K,V,S,R,D,G,F,S,V,K,N,G,S,K,L,A,S,T,K,L,S,E,N,A,E,H,V,E,V,G,I,A,L,K,A,D,N,T,S,D,K,A,T,G,T,A,I,K,L,T,V,N,S,K,D,A,V,N,G,G,Q,L,R,T,L,L,E,K,T,T,I,S,E,A,Q,A,L,T,D,A,T,L,A,Y,K,A,D,N,K,D,A,S,V,E,L,K,D,K,L,T,E,S,L,N,A,S,Q,N,I,I,A,T,E,G,I,V,L,T,K,S,G,S,G,N,D,A,T,D,G,-,-,I,K,V,S,A,D,T,D,A,V,D,K,L,F,K,-,A,I,N,D,A,L,G,T,T,D,L,A,V,T,K,N,P,N,Q,T,S,V,D,K,L,T,T,A,V,G,I,D,A,G,N,K,K,I,S,N,V,A,D,G,D,I,S,P,T,S,G,D,V,V,T,G,R,Q,L,Y,A,L,M,Q,K,G,I,R,V,Y,G,D,E,V,S,P,T,K,T,Q,T,T,A,P,T,A,S,S,T,Q,G
KJ867498.1,TW07,C,D,G,T,I,T,F,T,N,I,G,G,T,G,Q,D,T,I,H,D,A,I,N,N,V,L,T,K,G,E,A,V,Y,E,A,L,K,S,A,K,P,T,T,V,S,A,E,I,T,G,L,V,D,V,V,K,K,A,N,S,P,I,S,T,D,N,N,K,K,K,T,S,I,T,F,D,K,S,G,M,S,S,A,G,L,T,F,K,K,G,D,T,T,N,G,S,T,T,T,F,A,E,D,G,L,T,I,D,S,T,T,N,S,A,Q,T,N,L,V,K,V,S,R,D,G,F,S,V,K,N,G,S,K,L,A,P,T,K,L,S,E,N,A,E,H,V,E,V,G,I,A,L,K,A,N,N,T,T,G,K,T,A,G,N,A,I,K,L,T,A,G,S,K,D,A,V,N,G,G,Q,L,R,T,L,L,E,K,T,T,I,S,E,A,Q,A,L,T,D,A,K,L,A,Y,K,A,D,N,K,D,A,S,V,E,L,K,D,K,L,I,E,S,L,N,A,S,R,N,I,I,A,T,E,G,I,V,L,T,K,S,G,S,G,N,D,A,T,D,G,-,-,I,K,V,S,A,D,T,D,A,V,D,K,L,F,K,-,A,I,N,D,A,L,G,T,T,D,L,A,V,T,K,D,P,N,Q,T,S,V,D,K,L,T,T,A,V,G,I,D,A,G,N,K,K,I,S,N,V,A,D,G,D,I,S,P,T,S,G,D,V,V,T,G,R,Q,L,Y,A,L,M,Q,K,G,I,R,V,Y,G,D,E,V,S,P,T,K,T,Q,T,T,A,P,T,A,S,S,T,Q,G
MT050502.1,TW08,C,D,G,T,I,T,F,T,N,I,G,G,T,G,Q,D,T,I,H,D,A,I,N,N,V,L,T,K,G,E,A,V,Y,E,A,L,K,S,A,K,P,T,T,V,S,A,E,I,T,G,L,V,D,V,V,K,K,A,N,S,P,I,S,T,D,N,N,K,K,K,T,S,I,T,F,D,K,S,G,M,S,S,A,G,L,T,F,K,K,G,D,T,T,N,G,S,T,T,T,F,A,E,D,G,L,T,I,D,S,T,T,N,S,A,Q,T,N,L,V,K,V,S,R,D,G,F,S,V,K,N,G,S,K,L,A,P,T,K,L,S,E,N,A,E,H,V,E,V,G,I,A,L,K,A,D,N,T,S,D,K,A,T,G,T,A,I,K,L,T,V,N,S,K,D,A,V,N,G,G,Q,L,R,T,L,L,E,K,T,T,I,S,E,A,Q,A,L,T,D,A,T,L,A,Y,K,A,D,N,K,D,A,S,V,E,L,K,D,K,L,T,E,S,L,N,A,S,Q,N,I,I,A,T,E,G,I,V,L,T,K,S,G,S,G,N,D,A,T,D,G,-,-,I,K,V,S,A,D,T,D,A,V,D,K,L,F,K,-,A,I,N,D,A,L,G,T,T,D,L,A,V,T,K,N,P,N,Q,T,S,V,D,K,L,T,T,A,V,G,I,D,A,G,N,K,K,I,S,N,V,A,D,G,D,I,S,P,T,S,G,D,V,V,T,G,R,Q,L,Y,A,L,M,Q,K,G,I,R,V,Y,G,D,E,V,S,P,T,K,T,Q,T,T,A,P,T,A,S,S,T,Q,G
MT050503.1,TW09,C,D,G,T,I,T,F,T,D,I,G,S,T,G,Q,N,T,I,H,D,A,I,N,N,V,L,I,K,S,E,K,V,-,-,-,-,-,-,-,-,-,-,-,-,-,-,E,I,T,L,L,V,D,V,V,K,K,A,D,S,P,I,S,T,D,N,N,K,K,K,T,S,I,T,F,D,K,S,G,M,S,S,A,G,L,T,F,K,K,G,D,T,T,N,S,S,T,T,T,F,A,E,D,G,L,T,I,D,S,T,-,-,-,A,Q,T,N,L,V,K,V,S,R,D,G,F,S,V,K,N,G,S,K,L,A,P,T,K,L,S,E,N,A,E,H,V,E,V,G,I,A,L,K,A,D,N,T,S,D,K,A,T,G,T,A,I,K,L,T,V,N,S,K,D,A,V,N,G,G,Q,L,R,T,L,L,E,K,T,T,I,S,E,A,Q,A,L,T,D,A,T,L,A,Y,K,A,D,N,K,D,A,S,V,E,L,K,D,K,L,T,E,S,L,N,A,S,Q,N,I,I,A,T,E,G,I,V,L,T,K,S,G,S,G,N,D,A,T,D,G,-,-,I,K,V,S,A,D,T,D,A,V,D,K,L,F,K,-,A,I,N,D,A,L,G,T,T,D,L,A,V,T,K,N,P,N,Q,T,S,V,D,K,L,T,T,A,V,G,I,D,A,G,N,K,K,I,S,N,V,A,D,G,D,I,S,P,T,S,G,D,V,V,T,G,R,Q,L,Y,A,L,M,Q,K,G,I,R,V,Y,G,D,E,V,S,P,T,K,T,Q,T,T,A,P,T,A,S,S,T,Q,G
MT050504.1,TW11,B,D,G,T,I,T,F,T,D,I,G,S,T,G,Q,N,T,I,H,D,A,I,N,N,V,L,I,K,S,E,K,V,-,-,-,-,-,-,-,-,-,-,-,-,-,-,E,I,T,L,L,V,D,V,V,K,K,A,D,S,P,I,S,T,D,N,N,K,K,K,T,S,I,T,F,D,K,S,G,M,S,S,A,G,L,T,F,K,K,G,D,T,T,N,S,S,T,T,T,F,A,E,D,G,L,T,I,D,S,T,-,-,-,A,Q,T,N,L,V,K,V,S,R,D,G,F,S,V,K,N,G,S,K,L,A,P,T,K,L,S,E,N,A,E,H,V,E,V,G,I,A,L,K,A,D,N,T,S,D,K,A,T,G,T,A,I,K,L,T,A,N,S,K,D,A,V,N,G,G,Q,L,R,T,L,L,E,K,T,T,I,S,E,A,Q,A,L,T,D,A,T,L,V,Y,K,A,D,N,K,G,A,S,V,E,L,K,D,R,L,T,E,S,L,N,A,S,Q,N,I,I,A,T,E,G,I,V,L,T,K,S,G,S,G,N,D,V,T,D,G,-,-,I,K,V,S,A,D,T,D,A,V,D,K,L,F,K,-,A,I,N,D,A,L,G,T,T,D,L,A,V,T,K,D,P,N,Q,T,S,V,D,K,L,T,T,A,V,G,I,D,A,G,N,K,K,I,S,N,V,A,D,G,D,I,S,P,T,S,G,D,V,V,T,G,R,Q,L,Y,A,L,M,Q,K,G,I,R,V,Y,G,D,E,V,S,P,T,K,T,Q,T,T,A,P,T,A,S,S,T,Q,G
MT050505.1,TW12,B,D,G,T,I,T,F,T,D,I,G,S,T,G,Q,N,T,I,H,D,A,I,N,N,V,L,I,K,S,E,K,V,-,-,-,-,-,-,-,-,-,-,-,-,-,-,E,I,T,L,L,V,D,V,V,K,K,A,D,S,P,I,S,T,D,N,N,K,K,K,T,S,I,T,F,D,K,S,G,M,S,S,A,G,L,T,F,K,K,G,D,T,T,N,S,S,T,T,T,F,A,E,D,G,L,T,I,D,S,T,-,-,-,A,Q,T,N,L,V,K,V,S,R,D,G,F,S,V,K,N,G,S,K,L,A,P,T,K,L,S,E,N,A,E,H,V,E,V,G,I,A,L,K,A,D,N,T,S,D,K,A,T,G,T,A,I,K,L,T,A,N,S,K,D,A,V,N,G,G,Q,L,R,T,L,L,E,K,T,T,I,S,E,A,Q,A,L,T,D,A,T,L,V,Y,K,A,D,N,K,G,A,S,V,E,L,K,D,R,L,T,E,S,L,N,A,S,Q,N,I,I,A,T,E,G,I,V,L,T,K,S,G,S,G,N,D,A,T,D,G,-,-,I,K,V,S,A,D,T,D,A,V,D,K,L,F,K,-,A,I,N,D,A,L,G,T,T,D,L,A,V,T,K,D,P,N,Q,T,S,V,D,K,L,T,T,A,V,G,I,D,A,G,N,K,K,I,S,N,V,A,D,G,D,I,S,P,T,S,G,D,V,V,T,G,R,Q,L,Y,A,L,M,Q,K,G,I,R,V,Y,G,D,E,V,S,P,T,K,T,Q,T,T,A,P,T,A,S,S,T,Q,G
MT050506.1,TW13,C,D,G,T,I,T,F,T,N,I,G,G,T,G,Q,D,T,I,H,D,A,I,N,N,V,L,T,K,G,E,A,V,Y,E,A,L,K,S,A,K,P,T,T,V,S,A,E,I,T,G,L,V,D,V,V,K,K,A,N,S,P,I,S,T,D,N,N,K,K,K,T,S,I,T,F,D,K,S,G,M,S,S,A,G,L,T,F,K,K,G,D,T,T,N,G,S,T,T,T,F,A,E,D,G,L,T,I,D,S,T,T,N,S,A,Q,T,N,L,V,K,V,S,R,D,G,F,S,V,K,N,G,S,K,L,A,P,T,K,L,S,E,N,A,E,H,V,E,V,G,I,A,L,K,A,N,N,T,T,G,K,T,A,G,N,A,I,K,L,T,A,X,S,K,D,A,V,N,G,G,Q,L,R,T,L,L,E,K,T,T,I,S,E,A,Q,A,L,T,D,A,K,L,A,Y,K,A,D,N,K,D,A,S,V,E,L,K,D,K,L,I,E,S,L,N,A,S,R,N,I,I,A,T,E,G,I,V,L,T,K,S,G,S,G,N,D,A,T,D,G,-,-,I,K,V,S,A,D,T,D,A,V,D,K,L,F,K,-,A,I,N,D,A,L,G,T,T,D,L,A,V,T,K,D,P,N,Q,T,S,V,D,K,L,T,T,A,V,G,X,D,A,G,N,K,K,I,S,N,V,A,D,G,D,I,S,P,T,S,G,D,V,V,T,G,R,Q,L,Y,A,L,M,Q,K,G,I,R,V,Y,G,D,E,V,S,P,T,K,T,Q,T,T,A,P,T,A,S,S,T,Q,G
MN549432.1,TW15,B,D,G,T,I,T,F,T,D,I,G,S,T,G,Q,N,T,I,H,D,A,I,N,N,V,L,I,K,S,E,K,V,-,-,-,-,-,-,-,-,-,-,-,-,-,-,E,I,T,L,L,V,D,V,V,K,K,A,D,S,P,I,S,T,D,N,N,K,K,K,T,S,I,T,F,D,K,S,G,M,S,S,A,G,L,T,F,K,K,G,D,T,T,N,S,S,T,T,T,F,A,E,D,G,L,T,I,D,S,T,-,-,-,A,Q,T,N,L,V,K,V,S,R,D,G,F,S,V,K,N,G,S,K,L,A,P,T,K,L,S,E,N,A,E,H,V,E,V,G,I,A,L,K,A,D,N,T,S,D,K,A,T,G,T,A,I,K,L,T,A,N,S,K,D,A,V,N,G,G,Q,L,R,T,L,L,E,K,T,T,I,S,E,A,Q,A,L,T,D,A,T,L,V,Y,K,A,D,N,K,G,A,S,V,E,L,K,D,R,L,T,E,S,L,N,A,S,Q,N,I,I,A,T,E,G,I,V,L,T,K,S,G,S,G,N,D,A,T,D,G,-,-,I,K,V,S,A,D,T,D,A,V,D,K,L,F,K,-,A,I,N,D,A,L,G,T,T,D,L,A,V,T,K,D,P,N,Q,T,S,V,D,K,L,T,T,A,V,G,I,D,A,G,N,K,K,I,S,N,V,A,D,G,D,I,S,P,T,S,G,D,V,V,T,G,R,Q,L,Y,A,L,M,Q,K,G,I,R,V,Y,G,D,E,V,S,P,T,K,T,Q,T,T,A,P,T,A,S,S,T,Q,G
MN549433.1,TW16-3,B,D,G,T,I,T,F,T,D,I,G,S,T,G,Q,N,T,I,H,D,A,I,N,N,V,L,I,K,S,E,K,V,-,-,-,-,-,-,-,-,-,-,-,-,-,-,E,I,T,L,L,V,D,V,V,K,K,A,D,S,P,I,S,T,D,N,N,K,K,K,T,S,I,T,F,D,K,S,G,M,S,S,A,G,L,T,F,K,K,G,D,T,T,N,S,S,T,T,T,F,A,E,D,G,L,T,I,D,S,T,-,-,-,A,Q,T,N,L,V,K,V,S,R,D,G,F,S,V,K,N,G,S,K,L,A,P,T,K,L,S,E,N,A,E,H,V,E,V,G,I,A,L,K,A,D,N,T,S,D,K,A,T,G,T,A,I,K,L,T,V,N,S,K,D,A,V,N,G,G,Q,L,R,T,L,L,E,K,T,T,I,S,E,A,Q,A,L,T,D,A,T,L,A,Y,K,A,D,N,K,D,A,S,V,E,L,K,D,K,L,T,E,S,L,N,A,S,Q,N,I,I,A,T,E,G,I,V,L,T,K,S,G,S,G,N,D,A,T,D,G,-,-,I,K,V,S,A,D,T,D,A,V,D,K,L,F,K,-,A,I,N,D,A,L,G,T,T,D,L,A,V,T,K,N,P,N,Q,T,S,V,D,K,L,T,T,A,V,G,I,D,A,G,N,K,K,I,S,N,V,A,D,G,D,I,S,P,T,S,G,D,V,V,T,G,R,Q,L,Y,A,L,M,Q,K,G,I,R,V,Y,G,D,E,V,S,P,T,K,T,Q,T,T,A,P,T,A,S,S,T,Q,G
MN549434.1,TW16-4,B,D,G,T,I,T,F,T,D,I,G,S,T,G,Q,N,T,I,H,D,A,I,N,N,V,L,I,K,S,E,K,V,-,-,-,-,-,-,-,-,-,-,-,-,-,-,E,I,T,L,L,V,D,V,V,K,K,A,D,S,P,I,S,T,D,N,N,K,K,K,T,S,I,T,F,D,K,S,G,M,S,S,A,G,L,T,F,K,K,G,D,T,T,N,S,S,T,T,T,F,A,E,D,G,L,T,I,D,S,T,-,-,-,A,Q,T,N,L,V,K,V,S,R,D,G,F,S,V,K,N,G,S,K,L,A,P,T,K,L,S,E,N,A,E,H,V,E,V,G,I,A,L,K,A,D,N,T,S,D,K,A,T,G,T,A,I,K,L,T,A,N,S,K,D,A,V,N,G,G,Q,L,R,T,L,L,E,K,T,T,I,S,E,A,Q,A,L,T,D,A,T,L,V,Y,K,A,D,N,K,G,A,S,V,E,L,K,D,R,L,T,E,S,L,N,A,S,Q,N,I,I,A,T,E,G,I,V,L,T,K,S,G,S,G,N,D,V,T,D,G,-,-,I,K,V,S,A,D,T,D,A,V,D,K,L,F,K,-,A,I,N,D,A,L,G,T,T,D,L,A,V,T,K,D,P,N,Q,T,S,V,D,K,L,T,T,A,V,G,I,D,A,G,N,K,K,I,S,N,V,A,D,G,D,I,S,P,T,S,G,D,V,V,T,G,R,Q,L,Y,A,L,M,Q,K,G,I,R,V,Y,G,D,E,V,S,P,T,K,T,Q,T,T,A,P,T,A,S,S,T,Q,G
MN549435.1,TW17-1,B,D,G,T,I,T,F,T,D,I,G,S,T,G,Q,N,T,I,H,D,A,I,N,N,V,L,I,K,S,E,K,V,-,-,-,-,-,-,-,-,-,-,-,-,-,-,E,I,T,L,L,V,D,V,V,K,K,A,D,S,P,I,S,T,D,N,N,K,K,K,T,S,I,T,F,D,K,S,G,M,S,S,A,G,L,T,F,K,K,G,D,T,T,N,S,S,T,T,T,F,A,E,D,G,L,T,I,D,S,T,-,-,-,A,Q,T,N,L,V,K,V,S,R,D,G,F,S,V,K,N,G,S,K,L,A,P,T,K,L,S,E,N,A,E,H,V,E,V,G,I,A,L,K,A,D,N,T,S,D,K,A,T,G,T,A,I,K,L,T,V,N,S,K,D,A,V,N,G,G,Q,L,R,T,L,L,E,K,T,T,I,S,E,A,Q,A,L,T,D,A,T,L,A,Y,K,A,D,N,K,D,A,S,V,E,L,K,D,K,L,T,E,S,L,N,A,S,Q,N,I,I,A,T,E,G,I,V,L,T,K,S,G,S,G,N,D,V,T,D,G,-,-,I,K,V,S,A,D,T,D,A,V,D,K,L,F,K,-,A,I,N,D,A,L,G,T,T,D,L,A,V,T,K,D,P,N,Q,T,S,V,D,K,L,T,T,A,V,G,I,D,A,G,N,K,K,I,S,N,V,A,D,G,D,I,S,P,T,S,G,D,V,V,T,G,R,Q,L,Y,A,L,M,Q,K,G,I,R,V,Y,G,D,E,V,S,P,T,K,T,Q,T,T,A,P,T,A,S,S,T,Q,G
MN549436.1,TW17-2,B,D,G,T,I,T,F,T,D,I,G,S,T,G,Q,N,T,I,H,D,A,I,N,N,V,L,I,K,S,E,K,V,-,-,-,-,-,-,-,-,-,-,-,-,-,-,E,I,T,L,L,V,D,V,V,K,K,A,D,S,P,I,S,T,D,N,N,K,K,K,T,S,I,T,F,D,K,S,G,M,S,S,A,G,L,T,F,K,K,G,D,T,T,N,S,S,T,T,T,F,A,E,D,G,L,T,I,D,S,T,-,-,-,A,Q,T,N,L,V,K,V,S,R,D,G,F,S,V,K,N,G,S,K,L,A,P,T,K,L,S,E,N,A,E,H,V,E,V,G,I,A,L,K,A,D,N,T,S,D,K,A,T,G,T,A,I,K,L,T,V,N,S,K,D,A,V,N,G,G,Q,L,R,T,L,L,E,K,T,T,I,S,E,A,Q,A,L,T,D,A,T,L,A,Y,K,A,D,N,K,D,A,S,V,E,L,K,D,K,L,T,E,S,L,N,A,S,Q,N,I,I,A,T,E,G,I,V,L,T,K,S,G,S,G,N,D,V,T,D,G,-,-,I,K,V,S,A,D,T,D,A,V,D,K,L,F,K,-,A,I,N,D,A,L,G,T,T,D,L,A,V,T,K,D,P,N,Q,T,S,V,D,K,L,T,T,A,V,G,I,D,A,G,N,K,K,I,S,N,V,A,D,G,D,I,S,P,T,S,G,D,V,V,T,G,R,Q,L,Y,A,L,M,Q,K,G,I,R,V,Y,G,D,E,V,S,P,T,K,T,Q,T,T,A,P,T,A,S,S,T,Q,G
KJ867497.1,TW94,C,D,G,T,I,T,F,T,N,I,G,G,T,G,Q,D,T,I,H,D,A,I,N,N,V,L,T,K,G,E,A,V,Y,D,A,L,K,G,A,K,P,-,T,V,S,A,E,I,T,G,L,V,D,V,V,K,K,A,N,S,P,I,S,T,D,N,N,K,K,K,T,S,I,T,F,D,K,S,G,M,S,S,A,G,L,T,F,K,K,G,D,T,T,N,G,S,T,T,T,F,A,E,D,G,L,T,I,D,S,T,T,N,S,A,Q,T,N,L,V,K,V,S,R,D,G,F,S,V,K,N,G,S,K,L,A,S,T,K,L,S,E,N,A,E,H,V,E,V,G,I,A,L,K,A,D,N,T,S,D,K,A,T,G,T,A,I,K,L,T,V,N,S,K,D,A,V,N,G,G,Q,L,R,T,L,L,E,K,T,T,I,S,E,A,Q,A,L,T,D,A,T,L,A,Y,K,A,D,N,K,D,A,S,V,E,L,K,D,K,L,T,E,S,L,N,A,S,Q,N,I,I,A,T,E,G,I,V,L,T,K,S,G,S,G,N,D,A,T,D,G,-,-,I,K,V,S,A,D,T,D,A,V,D,K,L,F,K,-,A,I,N,D,A,L,G,T,T,D,L,A,V,T,K,N,P,N,Q,T,S,V,D,K,L,T,T,A,V,G,I,D,A,G,N,K,K,I,S,N,V,A,D,G,D,I,S,P,T,S,G,D,V,V,T,G,R,Q,L,Y,A,L,M,Q,K,G,I,R,V,Y,G,D,E,V,S,P,T,K,T,Q,T,T,A,P,T,A,S,S,T,Q,G
KU167092.1,Xiao,B,D,G,T,I,T,F,T,N,I,G,G,T,G,Q,D,T,I,H,D,A,I,N,N,V,L,T,K,G,E,P,V,Y,E,P,L,K,G,A,K,P,-,T,V,S,A,E,I,T,G,L,V,D,V,V,K,K,A,N,S,P,I,S,T,D,N,N,K,K,K,T,S,I,T,F,D,K,S,G,M,S,S,A,G,L,T,F,K,K,G,D,T,T,N,G,S,T,T,T,F,A,E,D,G,L,T,I,D,S,T,T,N,S,A,Q,T,N,L,V,K,V,S,R,D,G,F,S,V,K,N,G,S,K,L,A,P,T,K,L,S,E,N,A,E,H,V,E,V,G,I,A,L,K,A,D,N,T,S,D,K,A,T,G,T,A,I,K,L,T,A,N,S,K,D,A,V,N,G,G,Q,L,R,T,L,L,E,K,T,T,I,S,E,A,Q,A,L,T,D,A,T,L,V,Y,K,A,D,N,K,G,A,S,V,E,L,K,D,R,L,T,E,S,L,N,A,S,Q,N,I,I,A,T,E,G,I,V,L,T,K,S,G,S,G,N,D,A,T,D,G,-,-,I,K,V,S,A,D,T,D,A,V,D,K,L,F,K,-,A,I,N,D,A,L,G,T,T,D,L,A,V,T,K,N,P,N,Q,T,S,V,D,K,L,T,T,A,V,G,I,D,A,G,N,K,K,I,S,N,V,A,D,G,D,I,S,P,T,S,G,D,V,V,T,G,R,Q,L,Y,A,L,M,Q,K,G,I,R,V,Y,G,D,E,V,S,P,T,K,T,Q,T,T,A,P,T,A,S,S,T,Q,G
KU167076.1,Yun,A,D,G,T,I,T,F,T,N,I,G,G,T,G,Q,A,T,I,H,D,A,I,N,N,V,L,T,K,G,Q,K,V,-,-,-,-,-,-,-,-,-,-,-,-,-,-,E,I,T,L,S,A,-,T,N,Q,W,A,N,N,G,V,T,T,Y,N,S,Q,N,G,T,A,G,T,Y,N,T,T,G,L,Q,Q,T,T,L,G,-,A,T,G,I,T,S,S,V,G,S,T,N,Y,A,G,F,S,L,G,A,D,S,V,T,F,S,-,-,-,-,-,-,-,-,-,-,-,-,-,-,-,K,G,G,A,K,L,S,G,V,S,D,A,T,D,A,A,T,L,K,Q,Y,-,-,-,-,-,-,-,-,-,-,-,S,G,G,T,S,N,G,I,T,A,T,E,E,K,V,V,S,G,K,-,-,-,T,V,Y,D,D,T,T,L,N,K,I,Q,D,L,S,N,-,-,L,S,E,S,G,K,N,A,D,S,N,K,K,F,T,D,T,I,T,K,K,L,T,T,S,K,S,V,E,S,S,T,D,I,L,L,S,D,G,R,S,G,N,A,L,S,D,G,F,T,I,K,S,E,S,D,S,L,G,V,N,G,V,F,K,L,S,L,N,M,T,A,L,T,T,S,L,A,L,T,D,D,S,N,K,E,K,I,Q,K,S,K,V,T,L,G,I,D,A,G,N,K,K,I,S,N,V,A,D,G,D,I,S,P,T,S,G,D,V,V,T,G,R,Q,L,Y,A,L,M,Q,K,G,I,R,V,Y,G,D,E,V,S,P,T,K,T,Q,T,T,A,P,T,A,S,S,T,Q,G
OR795161.1,NCTC11296(2403),A,D,G,T,I,T,F,T,N,I,G,G,T,G,Q,D,T,I,H,D,A,I,N,N,V,L,T,K,G,E,A,V,Y,E,A,L,K,G,A,K,P,-,T,V,S,A,E,I,T,G,L,V,D,V,V,K,K,A,N,S,P,I,S,T,D,N,N,K,K,K,T,S,I,T,F,D,K,S,G,M,S,S,A,G,L,T,F,K,K,G,D,T,T,N,G,S,T,T,T,F,A,E,D,G,L,T,I,D,S,T,T,N,S,A,Q,T,N,L,V,K,V,S,R,D,G,F,S,V,K,N,G,S,K,L,A,P,T,K,L,S,E,N,A,E,H,V,E,V,G,I,A,L,K,A,D,N,T,S,D,K,A,T,G,T,A,I,K,L,T,A,N,S,K,D,A,V,N,G,G,Q,L,R,T,L,L,E,K,T,T,I,S,E,A,Q,A,L,T,D,A,T,L,A,Y,K,A,D,N,K,D,A,S,V,E,L,K,D,K,L,I,E,S,L,N,A,S,R,N,I,I,A,T,E,G,I,V,L,T,K,S,G,S,G,N,D,A,T,D,G,-,-,I,K,V,S,A,D,T,D,A,V,D,K,L,F,K,-,A,I,N,D,A,L,G,T,T,D,L,A,V,T,K,D,P,N,Q,T,S,V,D,K,L,T,T,A,V,G,I,D,A,G,N,K,K,I,S,N,V,A,D,G,D,I,S,P,T,S,G,D,V,V,T,G,R,Q,L,Y,A,L,M,Q,K,G,I,R,V,Y,G,D,E,V,S,P,T,K,T,Q,T,T,A,P,T,A,S,S,T,Q,G
CP034110.1,FARPER-174,C,D,G,T,I,T,F,T,N,I,G,G,T,G,Q,D,T,I,H,D,A,I,N,N,V,L,T,K,G,E,A,V,Y,D,A,L,K,G,A,K,P,-,T,V,S,A,E,I,T,G,L,V,D,V,V,K,K,A,N,S,P,I,S,T,D,N,N,K,K,K,T,S,I,T,F,D,K,S,G,M,S,S,A,G,L,T,F,K,K,G,D,T,T,N,G,S,T,T,T,F,A,E,D,G,L,T,I,D,S,T,T,N,S,A,Q,T,N,L,V,K,V,S,R,D,G,F,S,V,K,N,G,S,K,L,A,S,T,K,L,S,E,N,A,E,H,V,E,V,G,I,A,L,K,A,D,N,T,S,D,K,A,T,G,T,A,I,K,L,T,V,N,S,K,D,A,V,N,G,G,Q,L,R,T,L,L,E,K,T,T,I,S,E,A,Q,A,L,T,D,A,T,L,A,Y,K,A,D,N,K,D,A,S,V,E,L,K,D,K,L,T,E,S,L,N,A,S,Q,N,I,I,A,T,E,G,I,V,L,T,K,S,G,S,G,N,D,A,T,D,G,-,-,I,K,V,S,A,D,T,D,A,V,D,K,L,F,K,-,A,I,N,D,A,L,G,T,T,D,L,A,V,T,K,N,P,N,Q,T,S,V,D,K,L,T,T,A,V,G,I,D,A,G,N,K,K,I,S,N,V,A,D,G,D,I,S,P,T,S,G,D,V,V,T,G,R,Q,L,Y,A,L,M,Q,K,G,I,R,V,Y,G,D,E,V,S,P,T,K,T,Q,T,T,A,P,T,A,S,S,T,Q,G
