EntrezID,strain,serotype,predSero,als
KU143739.1,0222_B,B,B,DGTITFTNIGGTGQDTIHDAINDVLTKGEAVYEALKGAKP-TVSAEITGLVDVVKKANSPISTDNNKKKTSITFDKSGMSSAGLTFKKGDTTNGSTTTFAEDGLTIDSTTNSAQTNLVKVSRDGFSVKNGSKLAPTKLSENAEHVEVGIALKADNTSDKATRTAIKLTANSKDAVNGGQLRTLLEKTTISEAQALTDATLAYKADNKGASVELKDRLTESLNASQNIIATEGIVLTKSGSGNDATDG--IKVSADTDAVDKLFK-AINDALGTTDLAVTKDPNQTSVDKLTTAVDIDAGNKKISNVADGDISPTSGDVVTGRQLYALMQKGIRVYGDEVSPTKTQTTAPTASSTQG
KU143734.1,221_A-1,A,A,DGTITFTNIGGTGQATIHDAINNVLTKGQKV--------------EITLSA-TNQWANNGVTTYNSQNGTAGTYNTTGLQQTTLE-ATGITSSVGSTNYAGFSLGADSVTFS---------------KGGAKLSGVSDATDAATLKQY-----------SGGTSNGITATEEKVVSGK---TVYDDTTLNKIQDLSN--LSESGKNADSNKKFTDTITKKLTTSKSVESSTDILLSDGRSGNALSDGFTIKSESDSLGVNGVFKLSLNMTALTTSLALTDDSNKEKIQKSKVTLGIDAGNKKISNVADGDISPTSGDVVTGRQLYALMQKGIRVYGDEVSPTKTQTTAPTASSTQG
KU143736.1,2403_A,A,A,DGTITFTNIGGTGQDTIHDAINNVLTKGEAVYEALKGAKP-TVSAEITGLVDVVKKANSPISTDNNKKKTSITFDKSGMSSAGLTFKKGDTTNGSTTTFAEDGLTIDSTTNSAQTNLVKVSRDGFSVKNGSKLAPTKLSENAEHVEVGIALKADNTSDKATGTAIKLTANSKDAVNGGQLRTLLEKTTISEAQALTDATLAYKADNKDASVELKDKLIESLNASRNIIATEGIVLTKSGSGNDATDG--IKVSADTDAVDKLFK-AINDALGTTDLAVTKDPNQTSVDKLTTAVGIDAGNKKISNVADGDISPTSGDVVTGRQLYALMQKGIRVYGDEVSPTKTQTTAPTASSTQG
KU143740.1,2671_B,B,B,#NAME?
KU167083.1,569_A,A,A,DGTITFTNIGGTGQDTIHDAINNVLTKGEAVYEPLKGAKP-TVSAEITGLVDVVKKANSPISTDNNKKKTSITFDKSGMSSAGLTFKKGDTTNGSTTTFAEDGLTIDSTTNSAQTNLVKVSRDGFSVKNGSKLAPTKLSENAEHVEVGIALKADNTSDKATGTAIKLTANSKDAVNGGQLRTLLEKTTISEAQALTDATLAYKADNKSASVELKDRLTESLNASQNIIATEGIVLTKSGSGNDATDG--IKVSADTDAVDKLFK-AINDALGTTDLAVTKDPNQTSVDKLTTAVGIDAGNKKISNVADGDISPTSGDVVTGRQLYALMQKGIRLYGDEVSPTKTQTTAPTASSTQG
KU167084.1,571_A,A,A,DGTITFTNIGGTGQDTIHDAINNVLTKGEAVYEPLKGAKP-TVSAEITGLVDVVKKANSPISTDNNKKKTSITFDKSGMSSAGLTFKKGDTTNGSTTTFAEDGLTIDSTTNSAQTNLVKVSRDGFSVKNGSKLAPTKLSENAEHVEVGIALKADNTSDKATGTAIKLTANSKDAVNGGQLRTLLEKTTISEAQALTDATLAYKADNKSASVELKDRLTESLNASQNIIATEGIVLTKSGSGNDATDG--IKVSADTDAVDKLFK-AINDALGTTDLAVTKDPNQTSVDKLTTAVGIDAGNKKISNVADGDISPTSGDVVTGRQLYALMQKGIRLYGDEVSPTKTQTTAPTASSTQG
KU167082.1,Chao_A,A,A,DGTITFTNIGGTGQDTIHDAINNVLTKGEAVYEPLKGAKP-TVSAEITGLVDVVKKANSPISTDNNKKKTSITFDKSGMSSAGLTFKKGDTTNGSTTTFAEDGLTIDSTTNSAQTNLVKVSRDGFSVKNGSKLAPTKLSENAEHVEVGIALKADNTSDKATGTAIKLTANSKDAVNGGQLRTLLEKTTISEAQALTDATLAYKADNKSASVELKDRLTESLNASQNIIATEGIVLTKSGSGNDATDG--IKVSADTDAVDKLFK-AINDALGTTDLAVTKDPNQTSVDKLTTAVGIDAGNKKISNVADGDISPTSGDVVTGRQLYALMQKGIRLYGDEVSPTKTQTTAPTASSTQG
KY229693.1,Cr01_C,C,C,---------------------------GEAVYDALKGAKP-TVSAEITGLVDVVKKANSPISTDNNKKKTSITFDKSGMSSAGLTFKKGDTTNGSTTTFAEDGLTIDSTTNSAQTNLVKVSRDGFSVKNGSKLASTKLSENAEHVEVGIALKADNTSDKATGTAIKLTANSKDAVNGGQLRTLLEKTTISEAQALTDATLAYKADNKDASVELKDKLTESLNASQNIIATEGIVLTKSGSGNDATDG--IKVSADTDAVDKLFK-AINDALGTTDLAVTKNPNQTSVDKLTTAVGIDAGNKKISNVADGDISPTSGDVVTGRQLYA------------------------------
KY229704.1,Cr12_B,B,B,---------------------------GEAVYEALKSAKPTTVSAEITGLVDVVKKANSPISTDNNKKKTSITFDKSGMSSAGLTFKKGDTTNGSTTTFAEDGLTIDSTTNSAQTNLVKVSRDGFSVKNGSKLAPTKLSENAEHVEVGIALKANNTTGKTAGNAIKLTAGSKDAVNGGQLRTLLEKTTISEAQALTDAKLAYKADNKDASVELKDKLIESLNASRNIIATEGIVLTKSGSGNDATDG--IKVSADTDAVDKLFK-AINDALGTTDLAVTKDPNQTSVDKLTTAVGIDAGNKKISNVADGDISPTSGDVVTGRQLYA------------------------------
KY229708.1,Cr16_A,A,A,---------------------NNVLTKGQKV--------------EITLSA-TNQWANNGVTTYNSQNGTAGTYNTTGLQQTTLE-ATGITSSVGSTNYAGFSLGADSVTFS---------------KGGAKLSGVSDATDAATLKQY-----------SGGTSNGITATEEKVVSGK---TVYDDTTLNKIQDLSN--LSESGKNADSNKKFTDTITKKLTTSKSVESSTDILLSDGRSGNALSDGFTIKSESDSLGVNGVFKLSLNMTALTTSLALTDDSNKEKIQKSKVTLGIDAGNKKISNVADGDISPTSGDVVTGRQLYA------------------------------
KU167091.1,Dal_B,B,B,DGTITFTNIGGTGQDTIHDAINNVLTKGEPVYEPLKGAKP-TVSAEITGLVDVVKKANSPISTDNNKKKTSITFDKSGMSSAGLTFKKGDTTNGSTTTFAEDGLTIDSTTNSAQTNLVKVSRDGFSVKNGSKLAPTKLSENAEHVEVGIALKADNTSDKATGTAIKLTANSKDAVNGGQLRTLLEKTTISEAQALTDATLVYKADNKGASVELKDRLTESLNASQNIIATEGIVLTKSGSGNDATDG--IKVSADTDAVDKLFK-AINDALGTTDLAVTKNPNQTSVDKLTTAVGIDAGNKKISNVADGDISPTSGDVVTGRQLYALMQKGIRVYGDEVSPTKTQTTAPTASSTQG
KU143737.1,E-3C_A,A,B,DGTITFTDIGGTGQNTIHDAINNVLIKSEKV--------------EITLLVDVVKKADSPISTDNNKKKTSITFDKSGMSSAGLTFKKGEPTNGSTTTFAEDGLTIDST---AQTNLVKVSRDGFSVKNGSKLAPTKLSENAEHVEVGIALKANNTADKATGTAIKLTANSKDAVNGGQLRTLLEKTTISEAQALTDATLAYKADNKGASVELKDRLTESLNASQNIIATEGIVLTKSGSGNDATDG--IKVSADTDAVDKLFK-AINDALGTTDLAVTKNPNQTSVDKLTTAVGIDAGNKKISNVADGDISPTSGDVVTGRQLYALMQKGIRVYGDKVSPTKTQTTAPTASSTQG
KU167075.1,F-8_A,A,A,DGTITFTNIGGTGQATIHDAINNVLTKGQKV--------------EITLSA-TNQWANNGVTTYNSQNGTAGTYNTTGLQQTTLE-ATGITSSVGSTNYAGFSLGADSVTFS---------------KGGAKLSGVSDATDAATLKQY-----------SGGTSNGITATEEKVVSGK---TVYDDTTLNKIQDLSN--LSESGKNADSNKKFTDTITKKLTTSKSVESSTDILLSDGRSGNALSDGFTIKSESDSLGVNGVFKLSLNMTALTTSLALTDDSNKEKIQKSKVTLGIDAGNKKISNVADGDISPTSGDVVTGRQLYALMQKGIRVYGDEVSPTKTQTTAPTASSTQG
KU167077.1,Gd1_A,A,A,DGTITFTNIGGTGQATIHDAINNVLTKGQKV--------------EITLSA-TNQWANNGVTTYNSQNGTAGTYNTTGLQQTTLG-ATGITSSVGSTNYAGFSLGADSVTFS---------------KGGAKLSGVSDATDAATLKQY-----------SGGTSNGITATEEKVVSGK---TVYDDTTLNKIQDLSN--LSESGKNADSNKKFTDTITKKLTTSKSVESSTDILLSDGRSGNALSDGFTIKSESDSLGVNGVFKLSLNMTALTTSLALTDDSNKEKIQKSKVTLGIDAGNKKISNVADGDISPTSGDVVTGRQLYALMQKGIRVYGDEVSPTKTQTTAPTASSTQG
KU167078.1,Gd2_A,A,A,DGTITFTNIGGTGQATIHDAINNVLTKGQKV--------------EITLSA-TNQWANNGVTTYNSQNGTAGTYNTTGLQQTTLG-ATGITSSVGSTNYAGFSLGADSVTFS---------------KGGAKLSGVSDATDAATLKQY-----------SGGTSNGITATEEKVVSGK---TVYDDTTLNKIQDLSN--LSESGKNADSNKKFTDTITKKLTTSKSVESSTDILLSDGRSGNALSDGFTIKSESDSLGVNGVFKLSLNMTALTTSLALTDDSNKEKIQKSKVTLGIDAGNKKISNVADGDISPTSGDVVTGRQLYALMQKGIRVYGDEVSPTKTQTTAPTASSTQG
KU167079.1,Gd3_A,A,A,DGTITFTNIGGTGQATIHDAINNVLTKGQKV--------------EITLSA-TNQWANNGVTTYNSQNGTAGTYNTTGLQQTTLG-ATGITSSVGSTNYAGFSLGADSVTFS---------------KGGAKLSGVSDATDAATLKQY-----------SGGTSNGITATEEKVVSGK---TVYDDTTLNKIQDLSN--LSESGKNADSNKKFTDTITKKLTTSKSVESSTDILLSDGRSGNALSDGFTIKSESDSLGVNGVFKLSLNMTALTTSLALTDDSNKEKIQKSKVTLGIDAGNKKISNVADGDISPTSGDVVTGRQLYALMQKGIRVYGDEVSPTKTQTTAPTASSTQG
KJ867496.1,H18_C-1,C,C,DGTITFTNIGGTGQDTIHDAINNVLTKGEAVYDALKGAKP-TVSAEITGLVDVVKKANSPISTDNNKKKTSITFDKSGMSSAGLTFKKGDTTNGSTTTFAEDGLTIDSTTNSAQTNLVKVSRDGFSVKNGSKLASTKLSENAEHVEVGIALKADNTSDKATGTAIKLTVNSKDAVNGGQLRTLLEKTTISEAQALTDATLAYKADNKDASVELKDKLTESLNASQNIIATEGIVLTKSGSGNDATDG--IKVSADTDAVDKLFK-AINDALGTTDLAVTKNPNQTSVDKLTTAVGIDAGNKKISNVADGDISPTSGDVVTGRQLYALMQKGIRVYGDEVSPTKTQTTAPTASSTQG
KU167088.1,Heb_A,A,A,DGTITFTNIGGTGQDTIHDAINNVLTKGEAVYEPLKGAKP-TVSAEITGLVDVVKKANSPISTDNNKKKTSITFDKSGMSSAGLTFKKGDTTNGSTTTFAEDGLTIDSTTNSAQTNLVKVSRDGFSVKNGSKLAPTKLSENAEHVEVGIALKADNTSDKATGTAIKLTANSKDAVNGGQLRTLLEKTTISEAQALTDATLAYKADNKSASVELKDRLTESLNASQNIIATEGIVLTKSGSGNDATDG--IKVSADTDAVDKLFK-AINDALGTTDLAVTKDPNQTSVDKLTTAVGIDAGNKKISNVADGDISPTSGDVVTGRQLYALMQKGIRLYGDEVSPTKTQTTAPTASSTQG
KU167087.1,Hp12_A,A,A,DGTITFTNIGGTGQDTIHDAINNVLTKGEAVYEPLKGAKP-TVSAEITGLVDVVKKANSPISTDNNKKKTSITFDKSGMSSAGLTFKKGDTTNGSTTTFAEDGLTIDSTTNSAQTNLVKVSRDGFSVKNGSKLAPTKLSENAEHVEVGIALKADNTSDKATGTAIKLTANSKDAVNGGQLRTLLEKTTISEAQALTDATLAYKADNKSASVELKDRLTESLNASQNIIATEGIVLTKSGSGNDATDG--IKVSADTDAVDKLFK-AINDALGTTDLAVTKDPNQTSVDKLTTAVGIDAGNKKISNVADGDISPTSGDVVTGRQLYALMQKGIRLYGDEVSPTKTQTTAPTASSTQG
KU143738.1,HP14_A,A,A,DGTITFTDIGGTGQNTIHDAINNVLIKSEKV--------------EITLLVDVVKKADSPISTDNNKKKTSITFDKSGMSSAGLTFKKGDTTNGSTTTFAEDGLTIDSTTNSAQTNLVKVSRDGFSVKNGSKLAPTKLSENAEHVEVGIALKANNTTGKTAGNAIKLTAGSKDAVNGGQLRTLLEKTTISEAQALTDAKLAYKADNKDASVELKDKLIESLNASRNIIATEGIVLTKSGSGNDATDG--IKVSADTDAVDKLFK-AINDALGTTDLAVTKDPNQTSVDKLTTAVGIDAGNKKISNVADGDISPTSGDVVTGRQLYALMQKGIRVYGDEVSPTKTQTTAPTASSTQG
KU143744.1,HP60_C,C,C,DGTITFTNIGGTGQDTIHDAINNVLTKGKAVYEALKSAKPTTVSAEITGLVDVVKKANSPISTDNNKKKTSITFDKSGMSSAGLTFKKGDTTNGSTTTFAEDGLTIDSTTNSAQTNLVKVSRDGFSVKNGSKLAPTKLSENAEHVEVGIALKANNTTGKTAGNAIKLTAGSKDAVNGGQLRTLLEKTTISEAQALTDAKLAYKADNKDASVELKDKLIESLNASRNIIATEGIVLTKSGSGNDATDG--IKVSADTDAVDKLFK-AINDALGTTDLAVTKDPNQTSVDKLTTAVGIDAGNKKISNVADGDISPTSGDVVTGRQLYALMQKGIRVYGDEVSPTKTQTTAPTASSTQG
KU167080.1,Jing_A,A,A,DGTITFTNIGGTGQDTIHDAINNVLTKGEAVYEPLKGAKP-TVSAEITGLVDVVKKANSPISTDNNKKKTSITFDKSGMSSAGLTFKKGDTTNGSTTTFAEDGLTIDSTTNSAQTNLVKVSRDGFSVKNGSKLAPTKLSENAEHVEVGIALKADNTSDKATGTAIKLTANSKDAVNGGQLRTLLEKTTISEAQALTDATLAYKADNKSASVELKDRLTESLNASQNIIATEGIVLTKSGSGNDATDG--IKVSADTDAVDKLFK-AINDALGTTDLAVTKDPNQTSVDKLTTAVGIDAGNKKISNVADGDISPTSGDVVTGRQLYALMQKGIRLYGDEVSPTKTQTTAPTASSTQG
KU167093.1,L-B_B,B,B,DGTITFTNIGGTGQDTIHDAINNVLTKGEPVYEPLKGAKP-TVSAEITGLVDVVKKANSPISTDNNKKKTSITFDKSGMSSAGLTFKKGDTTNGSTTTFAEDGLTIDSTTNSAQTNLVKVSRDGFSVKNGSKLAPTKLSENAEHVEVGIALKADNTSDKATGTAIKLTANSKDAVNGGQLRTLLEKTTISEAQALTDATLVYKADNKGASVELKDRLTESLNASQNIIATEGIVLTKSGSGNDATDG--IKVSADTDAVDKLFK-AINDALGTTDLAVTKNPNQTSVDKLTTAVGIDAGNKKISNVADGDISPTSGDVVTGRQLYALMQKGIRVYGDEVSPTKTQTTAPTASSTQG
KU167094.1,L-D_B,B,B,DGTITFTNIGGTGQDTIHDAINNVLTKGEPVYEPLKGAKP-TVSAEITGLVDVVKKANSPISTDNNKKKTSITFDKSGMSSAGLTFKKGDTTNGSTTTFAEDGLTIDSTTNSAQTNLVKVSRDGFSVKNGSKLAPTKLSENAEHVEVGIALKADNTSDKATGTAIKLTANSKDAVNGGQLRTLLEKTTISEAQALTDATLVYKADNKGASVELKDRLTESLNASQNIIATEGIVLTKSGSGNDATDG--IKVSADTDAVDKLFK-AINDALGTTDLAVTKNPNQTSVDKLTTAVGIDAGNKKISNVADGDISPTSGDVVTGRQLYALMQKGIRVYGDEVSPTKTQTTAPTASSTQG
KU167095.1,L-E_B,B,B,DGTITFTNIGGTGQDTIHDAINNVLTKGEPVYEPLKGAKP-TVSAEITGLVDVVKKANSPISTDNNKKKTSITFDKSGMSSAGLTFKKGDTTNGSTTTFAEDGLTIDSTTNSAQTNLVKVSRDGFSVKNGSKLAPTKLSENAEHVEVGIALKADNTSDKATGTAIKLTANSKDAVNGGQLRTLLEKTTISEAQALTDATLVYKADNKGASVELKDRLTESLNASQNIIATEGIVLTKSGSGNDATDG--IKVSADTDAVDKLFK-AINDALGTTDLAVTKNPNQTSVDKLTTAVGIDAGNKKISNVADGDISPTSGDVVTGRQLYALMQKGIRVYGDEVSPTKTQTTAPTASSTQG
KU167096.1,L-F_B,B,B,DGTITFTNIGGTGQDTIHDAINNVLTKGEPVYEPLKGAKP-TVSAEITGLVDVVKKANSPISTDNNKKKTSITFDKSGMSSAGLTFKKGDTTNGSTTTFAEDGLTIDSTTNSAQTNLVKVSRDGFSVKNGSKLAPTKLSENAEHVEVGIALKADNTSDKATGTAIKLTANSKDAVNGGQLRTLLEKTTISEAQALTDATLVYKADNKGASVELKDRLTESLNASQNIIATEGIVLTKSGSGNDATDG--IKVSADTDAVDKLFK-AINDALGTTDLAVTKNPNQTSVDKLTTAVGIDAGNKKISNVADGDISPTSGDVVTGRQLYALMQKGIRVYGDEVSPTKTQTTAPTASSTQG
KU167085.1,LC4_A,A,A,DGTITFTNIGGTGQDTIHDAINNVLTKGEAVYEPLKGAKP-TVSAEITGLVDVVKKANSPISTDNNKKKTSITFDKSGMSSAGLTFKKGDTTNGSTTTFAEDGLTIDSTTNSAQTNLVKVSRDGFSVKNGSKLAPTKLSENAEHVEVGIALKADNTSDKATGTAIKLTANSKDAVNGGQLRTLLEKTTISEAQALTDATLAYKADNKSASVELKDRLTESLNASQNIIATEGIVLTKSGSGNDATDG--IKVSADTDAVDKLFK-AINDALGTTDLAVTKDPNQTSVDKLTTAVGIDAGNKKISNVADGDISPTSGDVVTGRQLYALMQKGIRLYGDEVSPTKTQTTAPTASSTQG
KU167086.1,LC6_A,A,A,DGTITFTNIGGTGQDTIHDAINNVLTKGEAVYEPLKGAKP-TVSAEITGLVDVVKKANSPISTDNNKKKTSITFDKSGMSSAGLTFKKGDTTNGSTTTFAEDGLTIDSTTNSAQTNLVKVSRDGFSVKNGSKLAPTKLSENAEHVEVGIALKADNTSDKATGTAIKLTANSKDAVNGGQLRTLLEKTTISEAQALTDATLAYKADNKSASVELKDRLTESLNASQNIIATEGIVLTKSGSGNDATDG--IKVSADTDAVDKLFK-AINDALGTTDLAVTKDPNQTSVDKLTTAVGIDAGNKKISNVADGDISPTSGDVVTGRQLYALMQKGIRLYGDEVSPTKTQTTAPTASSTQG
KU143742.1,Modesto_C,C,C,DGTITFTNIGGTGQDTIHDAINNVLTKGEAVYDALKGAKP-TVSAEITGLVDVVKKANSPISTDNNKKKTSITFDKSGMSSAGLTFKKGDTTNGSTTTFAEDGLTIDSTTNSAQTNLVKVSRDGFSVKNGSKLASTKLSENAEHVEVGIALKADNTSDKATGTAIKLTVNSKDAVNGGQLRTLLEKTTISEAQALTDATLAYKADNKDASVELKDKLTESLNASQNIIATEGIVLTKSGSGNDATDG--IKVSADTDAVDKLFK-AINDALGTTDLAVTKNPNQTSVDKLTTAVGIDAGNKKISNVADGDISPTSGDVVTGRQLYALMQKGIRVYGDEVSPTKTQTTAPTASSTQG
KU167081.1,Nong_A,A,A,DGTITFTNIGGTGQDTIHDAINNVLTKGEAVYEPLKGAKP-TVSAEITGLVDVVKKANSPISTDNNKKKTSITFDKSGMSSAGLTFKKGDTTNGSTTTFAEDGLTIDSTTNSAQTNLVKVSRDGFSVKNGSKLAPTKLSENAEHVEVGIALKADNTSDKATGTAIKLTANSKDAVNGGQLRTLLEKTTISEAQALTDATLAYKADNKSASVELKDRLTESLNASQNIIATEGIVLTKSGSGNDATDG--IKVSADTDAVDKLFK-AINDALGTTDLAVTKDPNQTSVDKLTTAVGIDAGNKKISNVADGDISPTSGDVVTGRQLYALMQKGIRLYGDEVSPTKTQTTAPTASSTQG
KY819141.1,S48_B,B,B,---------------------------GEAVYEALKGAKP-TVSAEITGLVDVVKKANSPISTDNNKKKTSITFDKSGMSSAGLTFKKGDTTNGSTTTFAEDGLTIDSTTNSAQTNLVKVSRDGFSVKNGSKLAPTKLSENAEHVEVGIALKADNTSDKATGTAIKLTANSKDAVNGGQLRTLLEKTTISEAQALTDATLAYKADNKDASVELKDRLTESLNASQNIIATEGIVLTKSGSGNDATDG--IKVSADTDAVDKLFK-AINDALGTTDLAVTKDPNQTSVDKLTTAVDIDAGNKKISNVADGDISPTSGDVVTGRQLYA------------------------------
KU143743.1,SA-3_C,C,C,DGTITFTNIGGTGQDTIHDAINNVLTKGEGVYDALKGAKP-TVSAEITGLVDVVKKANSPISTDNNKKKTSITFDKPGMSSAGLTFKKGDTTNGSTTTFAEDGLTIDSTTNSAQTNLVKVSRDGFSVKNGSKLASTKLSENAEHVEVGIALKADNTSDKATGTAIKLTANSKDAVNGGQLRTLLEKTTISEAQALTNATLAYKADNKDASVELKDRLTESLNASQNIIATEGIVLTKSGSGNDVTDG--IKVSADTDAVDKLFK-AINDALGTTDLAVTKNPNQTSVDKLTTAVGIDAGNKKISNVADGDISPTSGDVVTGRQLYALMQKGIRLYGDEVSPTKTQTTAPTASSTQG
KU167089.1,Sd1_A,A,A,DGTITFTNIGGTGQDTIHDAINNVLTKGEAVYEPLKGAKP-TVSAEITGLVDVVKKANSPISTDNNKKKTSITFDKSGMSSAGLTFKKGDTTNGSTTTFAEDGLTIDSTTNSAQTNLVKVSRDGFSVKNGSKLAPTKLSENAEHVEVGIALKADNTSDKATGTAIKLTANSKDAVNGGQLRTLLEKTTISEAQALTDATLAYKADNKSASVELKDRLTESLNASQNIIATEGIVLTKSGSGNDATDG--IKVSADTDAVDKLFK-AINDALGTTDLAVTKDPNQTSVDKLTTAVGIDAGNKKISNVADGDISPTSGDVVTGRQLYALMQKGIRLYGDEVSPTKTQTTAPTASSTQG
KU167090.1,Sd2_A,A,A,DGTITFTNIGGTGQDTIHDAINNVLTKGEAVYEPLKGAKP-TVSAEITGLVDVVKKANSPISTDNNKKKTSITFDKSGMSSAGLTFKKGDTTNGSTTTFAEDGLTIDSTTNSAQTNLVKVSRDGFSVKNGSKLAPTKLSENAEHVEVGIALKADNTSDKATGTAIKLTANSKDAVNGGQLRTLLEKTTISEAQALTDATLAYKADNKSASVELKDRLTESLNASQNIIATEGIVLTKSGSGNDATDG--IKVSADTDAVDKLFK-AINDALGTTDLAVTKDPNQTSVDKLTTAVGIDAGNKKISNVADGDISPTSGDVVTGRQLYALMQKGIRLYGDEVSPTKTQTTAPTASSTQG
MW533118.1,Spross_B,B,B,DGTITFTNIGGTGQDTIHDAINNVLTKGEPVYEPLKGAKP-TVSAEITGLVDVVKKANSPISTDNNKKKTSITFDKSGMSSAGLTFKKGDTTNGSTTTFAEDGLTIDSTTNSAQTNLVKVSRDGFSVKNGSKLAPTKLSENAEHVEVGIALKADNTSDKATGTAIKLTANSKDAVNGGQLRTLLEKTTISEAQALTNATLAYKADSKDASVELKDRLTESLNASQNIIATEGIVLTKSGSGNDATDG--IKVSADTDAVDKLFK-AINDALGTTDLAVTKDPNQTSVDKLTTAVDIDAGNKKISNVADGDISPTSGDVVTGRQLYALMQKGIRVYGDEVSPTKTQTTAPTASSTQG
KU167074.1,TC_C,C,C,DGTITFTNIGGTGQDTIHDAINNVLTKGEAVYDALKGAKP-TVSAEITGLVDVVKKANSPISTDNNKKKTSITFDKSGMSSAGLTFKKGDTTNGSTTTFAEDGLTIDSTTNSAQTNLVKVSRDGFSVKNGSKLASTKLSENAEHVEVGIALKADNTSDKATGTAIKLTVNSKDAVNGGQLRTLLEKTTISEAQALTDATLAYKADNKDASVELKDKLTESLNASQNIIATEGIVLTKSGSGNDATDG--IKVSADTDAVDKLFK-AINDALGTTDLAVTKNPNQTSVDKLTTAVGIDAGNKKISNVADGDISPTSGDVVTGRQLYALMQKGIRVYGDEVSPTKTQTTAPTASSTQG
KU167073.1,TS_C,C,C,DGTITFTNIGGTGQDTIHDAINNVLTKGEAVYDALKGAKP-TVSAEITGLVDVVKKANSPISTDNNKKKTSITFDKSGMSSAGLTFKKGDTTNGSTTTFAEDGLTIDSTTNSAQTNLVKVSRDGFSVKNGSKLASTKLSENAEHVEVGIALKADNTSDKATGTAIKLTVNSKDAVNGGQLRTLLEKTTISEAQALTDATLAYKADNKDASVELKDKLTESLNASQNIIATEGIVVTKSGSGNDATDG--IKVSADTDAVDKLFK-AINDALGTTDLAVTKNPNQTSVDKLTTAVGIDAGNKKISNVADGDISPTSGDVVTGRQLYALMQKGIRVYGDEVSPTKTQTTAPTASSTQG
KU167072.1,TW_C,C,C,DGTITFTNIGGTGQDTIHDAINNVLTKGEAVYDALKGAKP-TVSAEITGLVDVVKKANSPISTDNNKKKTSITFDKSGMSSAGLTFKKGDTTNGSTTTFAEDGLTIDSTTNSAQTNLVKVSRDGFSVKNGSKLASTKLSENAEHVEVGIALKADNTSDKATGTAIKLTVNSKDAVNGGQLRTLLEKTTISEAQALTDATLAYKADNKDASVELKDKLTESLNASQNIIATEGIVLTKSGSGNDATDG--IKVSADTDAVDKLFK-AINDALGTTDLAVTKNPNQTSVDKLTTAVGIDAGNKKISNVADGDISPTSGDVVTGRQLYALMQKGIRVYGDEVSPTKTQTTAPTASSTQG
KJ867498.1,TW07_C,C,C,DGTITFTNIGGTGQDTIHDAINNVLTKGEAVYEALKSAKPTTVSAEITGLVDVVKKANSPISTDNNKKKTSITFDKSGMSSAGLTFKKGDTTNGSTTTFAEDGLTIDSTTNSAQTNLVKVSRDGFSVKNGSKLAPTKLSENAEHVEVGIALKANNTTGKTAGNAIKLTAGSKDAVNGGQLRTLLEKTTISEAQALTDAKLAYKADNKDASVELKDKLIESLNASRNIIATEGIVLTKSGSGNDATDG--IKVSADTDAVDKLFK-AINDALGTTDLAVTKDPNQTSVDKLTTAVGIDAGNKKISNVADGDISPTSGDVVTGRQLYALMQKGIRVYGDEVSPTKTQTTAPTASSTQG
MT050502.1,TW08_C,C,C,DGTITFTNIGGTGQDTIHDAINNVLTKGEAVYEALKSAKPTTVSAEITGLVDVVKKANSPISTDNNKKKTSITFDKSGMSSAGLTFKKGDTTNGSTTTFAEDGLTIDSTTNSAQTNLVKVSRDGFSVKNGSKLAPTKLSENAEHVEVGIALKADNTSDKATGTAIKLTVNSKDAVNGGQLRTLLEKTTISEAQALTDATLAYKADNKDASVELKDKLTESLNASQNIIATEGIVLTKSGSGNDATDG--IKVSADTDAVDKLFK-AINDALGTTDLAVTKNPNQTSVDKLTTAVGIDAGNKKISNVADGDISPTSGDVVTGRQLYALMQKGIRVYGDEVSPTKTQTTAPTASSTQG
MT050503.1,TW09_C,C,C,DGTITFTDIGSTGQNTIHDAINNVLIKSEKV--------------EITLLVDVVKKADSPISTDNNKKKTSITFDKSGMSSAGLTFKKGDTTNSSTTTFAEDGLTIDST---AQTNLVKVSRDGFSVKNGSKLAPTKLSENAEHVEVGIALKADNTSDKATGTAIKLTVNSKDAVNGGQLRTLLEKTTISEAQALTDATLAYKADNKDASVELKDKLTESLNASQNIIATEGIVLTKSGSGNDATDG--IKVSADTDAVDKLFK-AINDALGTTDLAVTKNPNQTSVDKLTTAVGIDAGNKKISNVADGDISPTSGDVVTGRQLYALMQKGIRVYGDEVSPTKTQTTAPTASSTQG
MT050504.1,TW11_B,B,B,DGTITFTDIGSTGQNTIHDAINNVLIKSEKV--------------EITLLVDVVKKADSPISTDNNKKKTSITFDKSGMSSAGLTFKKGDTTNSSTTTFAEDGLTIDST---AQTNLVKVSRDGFSVKNGSKLAPTKLSENAEHVEVGIALKADNTSDKATGTAIKLTANSKDAVNGGQLRTLLEKTTISEAQALTDATLVYKADNKGASVELKDRLTESLNASQNIIATEGIVLTKSGSGNDVTDG--IKVSADTDAVDKLFK-AINDALGTTDLAVTKDPNQTSVDKLTTAVGIDAGNKKISNVADGDISPTSGDVVTGRQLYALMQKGIRVYGDEVSPTKTQTTAPTASSTQG
MT050505.1,TW12_B,B,B,DGTITFTDIGSTGQNTIHDAINNVLIKSEKV--------------EITLLVDVVKKADSPISTDNNKKKTSITFDKSGMSSAGLTFKKGDTTNSSTTTFAEDGLTIDST---AQTNLVKVSRDGFSVKNGSKLAPTKLSENAEHVEVGIALKADNTSDKATGTAIKLTANSKDAVNGGQLRTLLEKTTISEAQALTDATLVYKADNKGASVELKDRLTESLNASQNIIATEGIVLTKSGSGNDATDG--IKVSADTDAVDKLFK-AINDALGTTDLAVTKDPNQTSVDKLTTAVGIDAGNKKISNVADGDISPTSGDVVTGRQLYALMQKGIRVYGDEVSPTKTQTTAPTASSTQG
MT050506.1,TW13_C,C,C,DGTITFTNIGGTGQDTIHDAINNVLTKGEAVYEALKSAKPTTVSAEITGLVDVVKKANSPISTDNNKKKTSITFDKSGMSSAGLTFKKGDTTNGSTTTFAEDGLTIDSTTNSAQTNLVKVSRDGFSVKNGSKLAPTKLSENAEHVEVGIALKANNTTGKTAGNAIKLTAXSKDAVNGGQLRTLLEKTTISEAQALTDAKLAYKADNKDASVELKDKLIESLNASRNIIATEGIVLTKSGSGNDATDG--IKVSADTDAVDKLFK-AINDALGTTDLAVTKDPNQTSVDKLTTAVGXDAGNKKISNVADGDISPTSGDVVTGRQLYALMQKGIRVYGDEVSPTKTQTTAPTASSTQG
MN549432.1,TW15_B,B,B,DGTITFTDIGSTGQNTIHDAINNVLIKSEKV--------------EITLLVDVVKKADSPISTDNNKKKTSITFDKSGMSSAGLTFKKGDTTNSSTTTFAEDGLTIDST---AQTNLVKVSRDGFSVKNGSKLAPTKLSENAEHVEVGIALKADNTSDKATGTAIKLTANSKDAVNGGQLRTLLEKTTISEAQALTDATLVYKADNKGASVELKDRLTESLNASQNIIATEGIVLTKSGSGNDATDG--IKVSADTDAVDKLFK-AINDALGTTDLAVTKDPNQTSVDKLTTAVGIDAGNKKISNVADGDISPTSGDVVTGRQLYALMQKGIRVYGDEVSPTKTQTTAPTASSTQG
MN549433.1,TW16-3_B,B,C,DGTITFTDIGSTGQNTIHDAINNVLIKSEKV--------------EITLLVDVVKKADSPISTDNNKKKTSITFDKSGMSSAGLTFKKGDTTNSSTTTFAEDGLTIDST---AQTNLVKVSRDGFSVKNGSKLAPTKLSENAEHVEVGIALKADNTSDKATGTAIKLTVNSKDAVNGGQLRTLLEKTTISEAQALTDATLAYKADNKDASVELKDKLTESLNASQNIIATEGIVLTKSGSGNDATDG--IKVSADTDAVDKLFK-AINDALGTTDLAVTKNPNQTSVDKLTTAVGIDAGNKKISNVADGDISPTSGDVVTGRQLYALMQKGIRVYGDEVSPTKTQTTAPTASSTQG
MN549434.1,TW16-4_B,B,B,DGTITFTDIGSTGQNTIHDAINNVLIKSEKV--------------EITLLVDVVKKADSPISTDNNKKKTSITFDKSGMSSAGLTFKKGDTTNSSTTTFAEDGLTIDST---AQTNLVKVSRDGFSVKNGSKLAPTKLSENAEHVEVGIALKADNTSDKATGTAIKLTANSKDAVNGGQLRTLLEKTTISEAQALTDATLVYKADNKGASVELKDRLTESLNASQNIIATEGIVLTKSGSGNDVTDG--IKVSADTDAVDKLFK-AINDALGTTDLAVTKDPNQTSVDKLTTAVGIDAGNKKISNVADGDISPTSGDVVTGRQLYALMQKGIRVYGDEVSPTKTQTTAPTASSTQG
MN549435.1,TW17-1_B,B,B,DGTITFTDIGSTGQNTIHDAINNVLIKSEKV--------------EITLLVDVVKKADSPISTDNNKKKTSITFDKSGMSSAGLTFKKGDTTNSSTTTFAEDGLTIDST---AQTNLVKVSRDGFSVKNGSKLAPTKLSENAEHVEVGIALKADNTSDKATGTAIKLTVNSKDAVNGGQLRTLLEKTTISEAQALTDATLAYKADNKDASVELKDKLTESLNASQNIIATEGIVLTKSGSGNDVTDG--IKVSADTDAVDKLFK-AINDALGTTDLAVTKDPNQTSVDKLTTAVGIDAGNKKISNVADGDISPTSGDVVTGRQLYALMQKGIRVYGDEVSPTKTQTTAPTASSTQG
MN549436.1,TW17-2_B,B,B,DGTITFTDIGSTGQNTIHDAINNVLIKSEKV--------------EITLLVDVVKKADSPISTDNNKKKTSITFDKSGMSSAGLTFKKGDTTNSSTTTFAEDGLTIDST---AQTNLVKVSRDGFSVKNGSKLAPTKLSENAEHVEVGIALKADNTSDKATGTAIKLTVNSKDAVNGGQLRTLLEKTTISEAQALTDATLAYKADNKDASVELKDKLTESLNASQNIIATEGIVLTKSGSGNDVTDG--IKVSADTDAVDKLFK-AINDALGTTDLAVTKDPNQTSVDKLTTAVGIDAGNKKISNVADGDISPTSGDVVTGRQLYALMQKGIRVYGDEVSPTKTQTTAPTASSTQG
KJ867497.1,TW94_C,C,C,DGTITFTNIGGTGQDTIHDAINNVLTKGEAVYDALKGAKP-TVSAEITGLVDVVKKANSPISTDNNKKKTSITFDKSGMSSAGLTFKKGDTTNGSTTTFAEDGLTIDSTTNSAQTNLVKVSRDGFSVKNGSKLASTKLSENAEHVEVGIALKADNTSDKATGTAIKLTVNSKDAVNGGQLRTLLEKTTISEAQALTDATLAYKADNKDASVELKDKLTESLNASQNIIATEGIVLTKSGSGNDATDG--IKVSADTDAVDKLFK-AINDALGTTDLAVTKNPNQTSVDKLTTAVGIDAGNKKISNVADGDISPTSGDVVTGRQLYALMQKGIRVYGDEVSPTKTQTTAPTASSTQG
KU167092.1,Xiao_B,B,B,DGTITFTNIGGTGQDTIHDAINNVLTKGEPVYEPLKGAKP-TVSAEITGLVDVVKKANSPISTDNNKKKTSITFDKSGMSSAGLTFKKGDTTNGSTTTFAEDGLTIDSTTNSAQTNLVKVSRDGFSVKNGSKLAPTKLSENAEHVEVGIALKADNTSDKATGTAIKLTANSKDAVNGGQLRTLLEKTTISEAQALTDATLVYKADNKGASVELKDRLTESLNASQNIIATEGIVLTKSGSGNDATDG--IKVSADTDAVDKLFK-AINDALGTTDLAVTKNPNQTSVDKLTTAVGIDAGNKKISNVADGDISPTSGDVVTGRQLYALMQKGIRVYGDEVSPTKTQTTAPTASSTQG
KU167076.1,Yun_A,A,A,DGTITFTNIGGTGQATIHDAINNVLTKGQKV--------------EITLSA-TNQWANNGVTTYNSQNGTAGTYNTTGLQQTTLG-ATGITSSVGSTNYAGFSLGADSVTFS---------------KGGAKLSGVSDATDAATLKQY-----------SGGTSNGITATEEKVVSGK---TVYDDTTLNKIQDLSN--LSESGKNADSNKKFTDTITKKLTTSKSVESSTDILLSDGRSGNALSDGFTIKSESDSLGVNGVFKLSLNMTALTTSLALTDDSNKEKIQKSKVTLGIDAGNKKISNVADGDISPTSGDVVTGRQLYALMQKGIRVYGDEVSPTKTQTTAPTASSTQG
OR795161.1,NCTC11296(2403)_A-2,A,A,DGTITFTNIGGTGQDTIHDAINNVLTKGEAVYEALKGAKP-TVSAEITGLVDVVKKANSPISTDNNKKKTSITFDKSGMSSAGLTFKKGDTTNGSTTTFAEDGLTIDSTTNSAQTNLVKVSRDGFSVKNGSKLAPTKLSENAEHVEVGIALKADNTSDKATGTAIKLTANSKDAVNGGQLRTLLEKTTISEAQALTDATLAYKADNKDASVELKDKLIESLNASRNIIATEGIVLTKSGSGNDATDG--IKVSADTDAVDKLFK-AINDALGTTDLAVTKDPNQTSVDKLTTAVGIDAGNKKISNVADGDISPTSGDVVTGRQLYALMQKGIRVYGDEVSPTKTQTTAPTASSTQG
CP034110.1,FARPER-174_C-2,C,C,DGTITFTNIGGTGQDTIHDAINNVLTKGEAVYDALKGAKP-TVSAEITGLVDVVKKANSPISTDNNKKKTSITFDKSGMSSAGLTFKKGDTTNGSTTTFAEDGLTIDSTTNSAQTNLVKVSRDGFSVKNGSKLASTKLSENAEHVEVGIALKADNTSDKATGTAIKLTVNSKDAVNGGQLRTLLEKTTISEAQALTDATLAYKADNKDASVELKDKLTESLNASQNIIATEGIVLTKSGSGNDATDG--IKVSADTDAVDKLFK-AINDALGTTDLAVTKNPNQTSVDKLTTAVGIDAGNKKISNVADGDISPTSGDVVTGRQLYALMQKGIRVYGDEVSPTKTQTTAPTASSTQG
