RefSeqID,predSero,1
WCC72388.1,C,DGTITFTNIGGTGQDTIHDAINNVLTKLISLSAT--EEVVSGEAVYEALKPTTVSAEANNSPITVESGLTFKKGDTIDSTTNSAQTNLVKVSRDGFSVKNGKLAPTKLSIGAENAEHVEVTKSGIALKANLRTLLGVDKTVKLTDGLNFTSTDSGVVKFTLKDKLNIIAGGTVTVGGEDG--IKLFK-AINTTDLAGSKVGILATGIDAGNKKISNVADGDISPTSGDVVTGRQLYALMQKGIRVYGDEVSPTKTQTTAPTASSTQG
QJF45480.1,C,DGTITFTNIGGTGQDTIHDAINNVLTKLISLSAT-EEEVVSGEAVYDALKPT-VSAEANNSPITVEPGLTFKKGDTIDSTTNSAQTNLVKVSRDGFSVKNGKLASTKLSIGAENAEHVEVTKSGIALKADLRTLLGVDKTVKLTDGLNFTSTDNGVVKFTLKDKLNIIAGGTVTVGGEDG--IKLFK-AINTTDLAGSKVGILATGIDAGNKKISNVADGDISPTSGDVVTGRQLYALMQKGIRVYGDEVSPTKTQTTAPTASSTQG
QJF45479.1,C,DGTITFTNIGGTGQDTIHDAINNVLTKLISLSAT-EEEVVSGEAVYDALKPT-VSAEANNSPITVEPGLTFKKGDTIDSTTNSAQTNLVKVSRDGFSVKNGKLASTKLSIGAENAEHVEVTKSGIALKADLRTLLGVDKTVKLTDGLNFTSTDNGVVKFTLKDKLNIIAGGTVTVGGEDG--IKLFK-AINTTDLAGSKVGILATGIDAGNKKISNVADGDISPTSGDVVTGRQLYALMQKGIRVYGDEVSPTKTQTTAPTASSTQG
QJF45478.1,C,DGTITFTNIGGTGQDTIHDAINNVLTKLISLSAT-EEEVVSGEAVYDALKPT-VSAEANNSPITVEPGLTFKKGDTIDSTTNSAQTNLVKVSRDGFSVKNGKLASTKLSIGAENAEHVEVTKSGIALKADLRTLLGVDKTVKLTDGLNFTSTDNGVVKFTLKDKLNIIAGGTVTVGGEDG--IKLFK-AINTTDLAGSKVGILATGIDAGNKKISNVADGDISPTSGDVVTGRQLYALMQKGIRVYGDEVSPTKTQTTAPTASSTQG
QJF45477.1,C,DGTITFTNIGGTGQDTIHDAINNVLTKLISLSAT-EEEVVSGEAVYDALKPT-VSAEANNSPITVEPGLTFKKGDTIDSTTNSAQTNLVKVSRDGFSVKNGKLASTKLSIGAENAEHVEVTKSGIALKADLRTLLGVDKTVKLTDGLNFTSTDNGVVKFTLKDKLNIIAGGTVTVGGEDG--IKLFK-AINTTDLAGSKVGILATGIDAGNKKISNVADGDISPTSGDVVTGRQLYALMQKGIRVYGDEVSPTKTQTTAPTASSTQG
AZI14612.1,C,DGTITFTNIGGTGQDTIHDAINNVLTKLISLSAT-EEEVVSGEAVYDALKPT-VSAEANNSPITVEPGLTFKKGDTIDSTTNSAQTNLVKVSRDGFSVKNGKLASTKLSIGAENAEHVEVTKSGIALKADLRTLLGVDKTVKLTDGLNFTSTDNGVVKFTLKDKLNIIAGGTVTVGGEDG--IKLFK-AINTTDLAGSKVGILATGIDAGNKKISNVADGDISPTSGDVVTGRQLYALMQKGIRVYGDEVSPTKTQTTAPTASSTQG
ANJ89028.1,C,DGTITFTNIGGTGQDTIHDAINNVLTKLISLSAT--EEVVSGKAVYEALKPTTVSAEANNSPITVESGLTFKKGDTIDSTTNSAQTNLVKVSRDGFSVKNGKLAPTKLSIGAENAEHVEVTKSGIALKANLRTLLGVDKTVKLTDGLNFTSTDSGVVKFTLKDKLNIIAGGTVTVGGEDG--IKLFK-AINTTDLAGSKVGILATGIDAGNKKISNVADGDISPTSGDVVTGRQLYALMQKGIRVYGDEVSPTKTQTTAPTASSTQG
ANJ89027.1,C,DGTITFTNIGGTGQDTIHDAINNVLTKLISLSAT-EEEVVSGEGVYDALKPT-VSAEANNSPITVEHGLTFKKGDTIDSTTNSAQTNLVKVSRDGFSVKNGKLASTKLSIGAENAEHVEVTKSGIALKADLRTLLGVDKTVKLTDGLNFTSTDSGVVKFTLKDRLNIIAGGTVTVGGEDG--IKLFK-AINTTDLAGLKVGILAT--DAGNKKISNVADGDISPTSGDVVTGRQLYALMQKGIRLYGDEVSPTKTQTTAPTASSTQG
ANJ89026.1,C,DGTITFTNIGGTGQDTIHDAINNVLTKLISLSAT-EEEVVSGEAVYDALKPT-VSAEANNSPITVEPGLTFKKGDTIDSTTNSAQTNLVKVSRDGFSVKNGKLASTKLSIGAENAEHVEVTKSGIALKADLRTLLGVDKTVKLTDGLNFTSTDNGVVKFTLKDKLNIIAGGTVTVGGEDG--IKLFK-AINTTDLAGSKVGILATGIDAGNKKISNVADGDISPTSGDVVTGRQLYALMQKGIRVYGDEVSPTKTQTTAPTASSTQG
ANJ89025.1,B,DGTITFTNIGGTGQDTIHDAINNVLTKLISLSAT-EEEVVSGEPVYEPLKPT-VSAEANNSPITVEPGLTFKKGDTIDSTTNSAQTNLVKVSRDGFSVKNGKLAPTKLSIGAENAEHVEVTKSGIALKADLRTLLGVDKTVKLTEGLNFTSTDSGVVKFTLKDRLNIIAGGTVTVGGEDG--IKLFK-AINTTDLAGLKVGILAT--DAGNKKISNVADGDISPTSGDVVTGRQLYALMQKGIRVYGDEVSPTKTQTTAPTASSTQG
ANJ89024.1,B,DGAITFTNIGGTGQDTIHDAINNVLTKLISLSAT-EEEVVSGEPVYEPLKPT-VSAEANNSPITVEPGLTFKKGDTIDSTTNSAQTNLVKVSRDGFSVKNGKLAPTKLSIGAENAEHVEVTKSGIALKADLRTLLGVDKTVKLTDGLNFTSTDSGVVKFTLKDRLNIIAGGTVTVGGEDG--IKLFK-AINTTDLAGSKVGILATGIDAGNKKISNVADGDISPTSGDVVTGRQLYALMQKGIRVYGDEVSPTKTQTTAPTASSTQG
ANJ89023.1,B,DGTITFTNIGGTGQDTIHDAINDVLTKLISLSAT-EEEVVSGEAVYEALKPT-VSAEANNSPITVEPGLTFKKGDTIDSTTNSAQTNLVKVSRDGFSVKNGKLAPTKLSIGAENAEHVEVTKSGIALKADLRTLLGVDKTVKLTDGLNFTSTDSGVVKFTLKDRLNIIAGGTVTVGGEDG--IKLFK-AINTTDLAELKVGILAT--DAGNKKISNVADGDISPTSGDVVTGRQLYALMQKGIRVYGDEVSPTKTQTTAPTASSTQG
ANJ89022.1,A,DGTITFTDIGGTGQNTIHDAINNVLIKY--------------------LKPT-----GNDSPITVESGLTFKKGDTIDSTTNSAQTNLVKVSRDGFSVKNGKLAPTKLSIGAENAEHVEVTKSGIALKANLRTLLGVDKTVKLTDGLNFTSTDSGVVKFTLKDKLNIIAGGTVTVGGEDG--IKLFK-AINTTDLAGSKVGILATGIDAGNKKISNVADGDISPTSGDVVTGRQLYALMQKGIRVYGDEVSPTKTQTTAPTASSTQG
ANJ89021.1,A,DGTITFTDIGGTGQNTIHDAINNVLIKY--------------------LKPT-----GNDSPITVESGLTFKKGEPIDST---AQTNLVKVSRDGFSVKNGKLAPTKLSIGAENAEHVEVTKSGIALKANLRTLLGVDKTVKLTDGLNFTSTDSGVVKFTLKDRLNIIAGGTVTVGGEDG--IKLFK-AINTTDLAGSKVGILGTGIDAGNKKISNVADGDISPTSGDVVTGRQLYALMQKGIRVYGDKVSPTKTQTTAPTASSTQG
ANJ89020.1,A,DGTITFTNIGGTGQDTIHDAINNVLTKLISLSAT-EEEVVSGEAVYEALKPT-VSAEANNSPITVEPGLTFKKGDTIDSTTNSAQTNLVKVSRDGFSVKNGKLAPTKLSIGAENAEHVEVTKSGIALKADLRTLLGVDKTVKLTDGLNFTSTDSGVVKFTLKDKLNIIAGGTVTVGGEDG--IKLFK-AINTTDLAGSKVGILATGIDAGNKKISNVADGDISPTSGDVVTGRQLYALMQKGIRVYGDEVSPTKTQTTAPTASSTQG
ANJ89019.1,A,DGTITFTNIGGTGQATIHDAINNVLTKGIY------------------LKPT-----GNNN-----LGAT---GITADSVTFS---------------KGGKL-------------------SGV---SDIFT-IGLDKT--FTVGVDFTDTDK---------KLNF-----------DGFTIKVFKLSLNTTSLA-----IFATGIDAGNKKISNVADGDISPTSGDVVTGRQLYALMQKGIRVYGDEVSPTKTQTTAPTASSTQG
ANJ89018.1,A,DGTITFTNIGGTGQATIHDAINNVLTKGIY------------------LKPT-----GNNN-----LEAT---GITADSVTFS---------------KGGKL-------------------SGV---SDIFT-IGLDKT--FTVGVDFTDTDK---------KLNF-----------DGFTIKVFKLSLNTTSLA-----IFATGIDAGNKKISNVADGDISPTSGDVVTGRQLYALMQKGIRVYGDEVSPTKTQTTAPTASSTQG
ANJ76679.1,B,DGTITFTNIGGTGQDTIHDAINNVLTKLISLSAT-EEEVVSGEPVYEPLKPT-VSAEANNSPITVEPGLTFKKGDTIDSTTNSAQTNLVKVSRDGFSVKNGKLAPTKLSIGAENAEHVEVTKSGIALKADLRTLLGVDKTVKLTDGLNFTSTDSGVVKFTLKDRLNIIAGGTVTVGGEDG--IKLFK-AINTTDLAGSKVGILATGIDAGNKKISNVADGDISPTSGDVVTGRQLYALMQKGIRVYGDEVSPTKTQTTAPTASSTQG
ANJ76678.1,B,DGTITFTNIGGTGQDTIHDAINNVLTKLISLSAT-EEEVVSGEPVYEPLKPT-VSAEANNSPITVEPGLTFKKGDTIDSTTNSAQTNLVKVSRDGFSVKNGKLAPTKLSIGAENAEHVEVTKSGIALKADLRTLLGVDKTVKLTDGLNFTSTDSGVVKFTLKDRLNIIAGGTVTVGGEDG--IKLFK-AINTTDLAGSKVGILATGIDAGNKKISNVADGDISPTSGDVVTGRQLYALMQKGIRVYGDEVSPTKTQTTAPTASSTQG
ANJ76677.1,B,DGTITFTNIGGTGQDTIHDAINNVLTKLISLSAT-EEEVVSGEPVYEPLKPT-VSAEANNSPITVEPGLTFKKGDTIDSTTNSAQTNLVKVSRDGFSVKNGKLAPTKLSIGAENAEHVEVTKSGIALKADLRTLLGVDKTVKLTDGLNFTSTDSGVVKFTLKDRLNIIAGGTVTVGGEDG--IKLFK-AINTTDLAGSKVGILATGIDAGNKKISNVADGDISPTSGDVVTGRQLYALMQKGIRVYGDEVSPTKTQTTAPTASSTQG
ANJ76676.1,B,DGTITFTNIGGTGQDTIHDAINNVLTKLISLSAT-EEEVVSGEPVYEPLKPT-VSAEANNSPITVEPGLTFKKGDTIDSTTNSAQTNLVKVSRDGFSVKNGKLAPTKLSIGAENAEHVEVTKSGIALKADLRTLLGVDKTVKLTDGLNFTSTDSGVVKFTLKDRLNIIAGGTVTVGGEDG--IKLFK-AINTTDLAGSKVGILATGIDAGNKKISNVADGDISPTSGDVVTGRQLYALMQKGIRVYGDEVSPTKTQTTAPTASSTQG
ANJ76675.1,B,DGTITFTNIGGTGQDTIHDAINNVLTKLISLSAT-EEEVVSGEPVYEPLKPT-VSAEANNSPITVEPGLTFKKGDTIDSTTNSAQTNLVKVSRDGFSVKNGKLAPTKLSIGAENAEHVEVTKSGIALKADLRTLLGVDKTVKLTDGLNFTSTDSGVVKFTLKDRLNIIAGGTVTVGGEDG--IKLFK-AINTTDLAGSKVGILATGIDAGNKKISNVADGDISPTSGDVVTGRQLYALMQKGIRVYGDEVSPTKTQTTAPTASSTQG
ANJ76674.1,B,DGTITFTNIGGTGQDTIHDAINNVLTKLISLSAT-EEEVVSGEPVYEPLKPT-VSAEANNSPITVEPGLTFKKGDTIDSTTNSAQTNLVKVSRDGFSVKNGKLAPTKLSIGAENAEHVEVTKSGIALKADLRTLLGVDKTVKLTDGLNFTSTDSGVVKFTLKDRLNIIAGGTVTVGGEDG--IKLFK-AINTTDLAGSKVGILATGIDAGNKKISNVADGDISPTSGDVVTGRQLYALMQKGIRVYGDEVSPTKTQTTAPTASSTQG
ANJ76673.1,A,DGTITFTNIGGTGQDTIHDAINNVLTKLISLSAT-EEEVVSGEAVYEPLKPT-VSAEANNSPITVESGLTFKKGDTIDSTTNSAQTNLVKVSRDGFSVKNGKLAPTKLSIGAENAEHVEVTKSGIALKADLRTLLGVDKTVKLTDGLNFTSTDSGVVKFTLKDRLNIIAGGTVTVGGEDG--IKLFK-AINTTDLAGLKVGILAT--DAGNKKISNVADGDISPTSGDVVTGRQLYALMQKGIRLYGDEVSPTKTQTTAPTASSTQG
ANJ76672.1,A,DGTITFTNIGGTGQDTIHDAINNVLTKLISLSAT-EEEVVSGEAVYEPLKPT-VSAEANNSPITVESGLTFKKGDTIDSTTNSAQTNLVKVSRDGFSVKNGKLAPTKLSIGAENAEHVEVTKSGIALKADLRTLLGVDKTVKLTDGLNFTSTDSGVVKFTLKDRLNIIAGGTVTVGGEDG--IKLFK-AINTTDLAGLKVGILAT--DAGNKKISNVADGDISPTSGDVVTGRQLYALMQKGIRLYGDEVSPTKTQTTAPTASSTQG
ANJ76671.1,A,DGTITFTNIGGTGQDTIHDAINNVLTKLISLSAT-EEEVVSGEAVYEPLKPT-VSAEANNSPITVESGLTFKKGDTIDSTTNSAQTNLVKVSRDGFSVKNGKLAPTKLSIGAENAEHVEVTKSGIALKADLRTLLGVDKTVKLTDGLNFTSTDSGVVKFTLKDRLNIIAGGTVTVGGEDG--IKLFK-AINTTDLAGLKVGILAT--DAGNKKISNVADGDISPTSGDVVTGRQLYALMQKGIRLYGDEVSPTKTQTTAPTASSTQG
ANJ76670.1,A,DGTITFTNIGGTGQDTIHDAINNVLTKLISLSAT-EEEVVSGEAVYEPLKPT-VSAEANNSPITVESGLTFKKGDTIDSTTNSAQTNLVKVSRDGFSVKNGKLAPTKLSIGAENAEHVEVTKSGIALKADLRTLLGVDKTVKLTDGLNFTSTDSGVVKFTLKDRLNIIAGGTVTVGGEDG--IKLFK-AINTTDLAGLKVGILAT--DAGNKKISNVADGDISPTSGDVVTGRQLYALMQKGIRLYGDEVSPTKTQTTAPTASSTQG
ANJ76669.1,A,DGTITFTNIGGTGQDTIHDAINNVLTKLISLSAT-EEEVVSGEAVYEPLKPT-VSAEANNSPITVESGLTFKKGDTIDSTTNSAQTNLVKVSRDGFSVKNGKLAPTKLSIGAENAEHVEVTKSGIALKADLRTLLGVDKTVKLTDGLNFTSTDSGVVKFTLKDRLNIIAGGTVTVGGEDG--IKLFK-AINTTDLAGLKVGILAT--DAGNKKISNVADGDISPTSGDVVTGRQLYALMQKGIRLYGDEVSPTKTQTTAPTASSTQG
ANJ76668.1,A,DGTITFTNIGGTGQDTIHDAINNVLTKLISLSAT-EEEVVSGEAVYEPLKPT-VSAEANNSPITVESGLTFKKGDTIDSTTNSAQTNLVKVSRDGFSVKNGKLAPTKLSIGAENAEHVEVTKSGIALKADLRTLLGVDKTVKLTDGLNFTSTDSGVVKFTLKDRLNIIAGGTVTVGGEDG--IKLFK-AINTTDLAGLKVGILAT--DAGNKKISNVADGDISPTSGDVVTGRQLYALMQKGIRLYGDEVSPTKTQTTAPTASSTQG
ANJ76667.1,A,DGTITFTNIGGTGQDTIHDAINNVLTKLISLSAT-EEEVVSGEAVYEPLKPT-VSAEANNSPITVESGLTFKKGDTIDSTTNSAQTNLVKVSRDGFSVKNGKLAPTKLSIGAENAEHVEVTKSGIALKADLRTLLGVDKTVKLTDGLNFTSTDSGVVKFTLKDRLNIIAGGTVTVGGEDG--IKLFK-AINTTDLAGLKVGILAT--DAGNKKISNVADGDISPTSGDVVTGRQLYALMQKGIRLYGDEVSPTKTQTTAPTASSTQG
ANJ76666.1,A,DGTITFTNIGGTGQDTIHDAINNVLTKLISLSAT-EEEVVSGEAVYEPLKPT-VSAEANNSPITVESGLTFKKGDTIDSTTNSAQTNLVKVSRDGFSVKNGKLAPTKLSIGAENAEHVEVTKSGIALKADLRTLLGVDKTVKLTDGLNFTSTDSGVVKFTLKDRLNIIAGGTVTVGGEDG--IKLFK-AINTTDLAGLKVGILAT--DAGNKKISNVADGDISPTSGDVVTGRQLYALMQKGIRLYGDEVSPTKTQTTAPTASSTQG
ANJ76665.1,A,DGTITFTNIGGTGQDTIHDAINNVLTKLISLSAT-EEEVVSGEAVYEPLKPT-VSAEANNSPITVESGLTFKKGDTIDSTTNSAQTNLVKVSRDGFSVKNGKLAPTKLSIGAENAEHVEVTKSGIALKADLRTLLGVDKTVKLTDGLNFTSTDSGVVKFTLKDRLNIIAGGTVTVGGEDG--IKLFK-AINTTDLAGLKVGILAT--DAGNKKISNVADGDISPTSGDVVTGRQLYALMQKGIRLYGDEVSPTKTQTTAPTASSTQG
ANJ76664.1,A,DGTITFTNIGGTGQDTIHDAINNVLTKLISLSAT-EEEVVSGEAVYEPLKPT-VSAEANNSPITVESGLTFKKGDTIDSTTNSAQTNLVKVSRDGFSVKNGKLAPTKLSIGAENAEHVEVTKSGIALKADLRTLLGVDKTVKLTDGLNFTSTDSGVVKFTLKDRLNIIAGGTVTVGGEDG--IKLFK-AINTTDLAGLKVGILAT--DAGNKKISNVADGDISPTSGDVVTGRQLYALMQKGIRLYGDEVSPTKTQTTAPTASSTQG
ANJ76663.1,A,DGTITFTNIGGTGQDTIHDAINNVLTKLISLSAT-EEEVVSGEAVYEPLKPT-VSAEANNSPITVESGLTFKKGDTIDSTTNSAQTNLVKVSRDGFSVKNGKLAPTKLSIGAENAEHVEVTKSGIALKADLRTLLGVDKTVKLTDGLNFTSTDSGVVKFTLKDRLNIIAGGTVTVGGEDG--IKLFK-AINTTDLAGLKVGILAT--DAGNKKISNVADGDISPTSGDVVTGRQLYALMQKGIRLYGDEVSPTKTQTTAPTASSTQG
ANJ76662.1,A,DGTITFTNIGGTGQATIHDAINNVLTKGIY------------------LKPT-----GNNN-----LGAT---GITADSVTFS---------------KGGKL-------------------SGV---SDIFT-IGLDKT--FTVGVDFTDTDK---------KLNF-----------DGFTIKVFKLSLNTTSLA-----IFATGIDAGNKKISNVADGDISPTSGDVVTGRQLYALMQKGIRVYGDEVSPTKTQTTAPTASSTQG
ANJ76661.1,A,DGTITFTNIGGTGQATIHDAINNVLTKGIY------------------LKPT-----GNNN-----LGAT---GITADSVTFS---------------KGGKL-------------------SGV---SDIFT-IGLDKT--FTVGVDFTDTDK---------KLNF-----------DGFTIKVFKLSLNTTSLA-----IFATGIDAGNKKISNVADGDISPTSGDVVTGRQLYALMQKGIRVYGDEVSPTKTQTTAPTASSTQG
ANJ76660.1,A,DGTITFTNIGGTGQATIHDAINNVLTKGIY------------------LKPT-----GNNN-----LGAT---GITADSVTFS---------------KGGKL-------------------SGV---SDIFT-IGLDKT--FTVGVDFTDTDK---------KLNF-----------DGFTIKVFKLSLNTTSLA-----IFATGIDAGNKKISNVADGDISPTSGDVVTGRQLYALMQKGIRVYGDEVSPTKTQTTAPTASSTQG
ANJ76659.1,A,DGTITFTNIGGTGQATIHDAINNVLTKGIY------------------LKPT-----GNNN-----LGAT---GITADSVTFS---------------KGGKL-------------------SGV---SDIFT-IGLDKT--FTVGVDFTDTDK---------KLNF-----------DGFTIKVFKLSLNTTSLA-----IFATGIDAGNKKISNVADGDISPTSGDVVTGRQLYALMQKGIRVYGDEVSPTKTQTTAPTASSTQG
ANJ76658.1,A,DGTITFTNIGGTGQATIHDAINNVLTKGIY------------------LKPT-----GNNN-----LEAT---GITADSVTFS---------------KGGKL-------------------SGV---SDIFT-IGLDKT--FTVGVDFTDTDK---------KLNF-----------DGFTIKVFKLSLNTTSLA-----IFATGIDAGNKKISNVADGDISPTSGDVVTGRQLYALMQKGIRVYGDEVSPTKTQTTAPTASSTQG
ANJ76657.1,C,DGTITFTNIGGTGQDTIHDAINNVLTKLISLSAT-EEEVVSGEAVYDALKPT-VSAEANNSPITVEPGLTFKKGDTIDSTTNSAQTNLVKVSRDGFSVKNGKLASTKLSIGAENAEHVEVTKSGIALKADLRTLLGVDKTVKLTDGLNFTSTDNGVVKFTLKDKLNIIAGGTVTVGGEDG--IKLFK-AINTTDLAGSKVGILATGIDAGNKKISNVADGDISPTSGDVVTGRQLYALMQKGIRVYGDEVSPTKTQTTAPTASSTQG
ANJ76656.1,C,DGTITFTNIGGTGQDTIHDAINNVLTKLISLSAT-EEEVVSGEAVYDALKPT-VSAEANNSPITVEPGLTFKKGDTIDSTTNSAQTNLVKVSRDGFSVKNGKLASTKLSIGAENAEHVEVTKSGIALKADLRTLLGVDKTVKLTDGLNFTSTDNGVVKFTLKDKLNIIAGGTVTVGGEDG--IKLFK-AINTTDLAGSKVGILATGIDAGNKKISNVADGDISPTSGDVVTGRQLYALMQKGIRVYGDEVSPTKTQTTAPTASSTQG
ANJ76655.1,C,DGTITFTNIGGTGQDTIHDAINNVLTKLISLSAT-EEEVVSGEAVYDALKPT-VSAEANNSPITVEPGLTFKKGDTIDSTTNSAQTNLVKVSRDGFSVKNGKLASTKLSIGAENAEHVEVTKSGIALKADLRTLLGVDKTVKLTDGLNFTSTDNGVVKFTLKDKLNIIAGGTVTVGGEDG--IKLFK-AINTTDLAGSKVGILATGIDAGNKKISNVADGDISPTSGDVVTGRQLYALMQKGIRVYGDEVSPTKTQTTAPTASSTQG
ANJ76654.1,C,DGTITFTNIGGTGQDTIHDAINNVLTKLISLSAT-EEEVVSGEAVYDALKPT-VSAEANNSPITVEPGLTFKKGDTIDSTTNSAQTNLVKVSRDGFSVKNGKLASTKLSIGAENAEHVEVTKSGIALKADLRTLLGVDKTVKLTDGLNFTSTDNGVVKFTLKDKLNIIAGGTVTVGGEDG--IKLFK-AINTTDLAGSKVGILATGIDAGNKKISNVADGDISPTSGDVVTGRQLYALMQKGIRVYGDEVSPTKTQTTAPTASSTQG
ANJ76653.1,C,DGTITFTNIGGTGQDTIHDAINNVLTKLISLSAT--EEVVSGEAVYEALKPTTVSAEANNSPITVESGLTFKKGDTIDSTTNSAQTNLVKVSRDGFSVKNGKLAPTKLSIGAENAEHVEVTKSGIALKANLRTLLGVDKTVKLTDGLNFTSTDSGVVKFTLKDKLNIIAGGTVTVGGEDG--IKLFK-AINTTDLAGSKVGILATGIDAGNKKISNVADGDISPTSGDVVTGRQLYALMQKGIRVYGDEVSPTKTQTTAPTASSTQG
AIS72939.1,C,DGTITFTNIGGTGQDTIHDAINNVLTKLISLSAT--EEVVSGEAVYEALKPTTVSAEANNSPITVESGLTFKKGDTIDSTTNSAQTNLVKVSRDGFSVKNGKLAPTKLSIGAENAEHVEVTKSGIALKANLRTLLGVDKTVKLTDGLNFTSTDSGVVKFTLKDKLNIIAGGTVTVGGEDG--IKLFK-AINTTDLAGSKVGILATGIDAGNKKISNVADGDISPTSGDVVTGRQLYALMQKGIRVYGDEVSPTKTQTTAPTASSTQG
AIS72938.1,C,DGTITFTNIGGTGQDTIHDAINNVLTKLISLSAT-EEEVVSGEAVYDALKPT-VSAEANNSPITVEPGLTFKKGDTIDSTTNSAQTNLVKVSRDGFSVKNGKLASTKLSIGAENAEHVEVTKSGIALKADLRTLLGVDKTVKLTDGLNFTSTDNGVVKFTLKDKLNIIAGGTVTVGGEDG--IKLFK-AINTTDLAGSKVGILATGIDAGNKKISNVADGDISPTSGDVVTGRQLYALMQKGIRVYGDEVSPTKTQTTAPTASSTQG
AIS72937.1,C,DGTITFTNIGGTGQDTIHDAINNVLTKLISLSAT-EEEVVSGEAVYDALKPT-VSAEANNSPITVEPGLTFKKGDTIDSTTNSAQTNLVKVSRDGFSVKNGKLASTKLSIGAENAEHVEVTKSGIALKADLRTLLGVDKTVKLTDGLNFTSTDNGVVKFTLKDKLNIIAGGTVTVGGEDG--IKLFK-AINTTDLAGSKVGILATGIDAGNKKISNVADGDISPTSGDVVTGRQLYALMQKGIRVYGDEVSPTKTQTTAPTASSTQG
AIS72936.1,A,DGTITFTNIGGTGQATIHDAINNVLTKGIY------------------LKPT-----GNNN-----LEAT---GITADSVTFS---------------KGGKL-------------------SGV---SDIFT-IGLDKT--FTVGVDFTDTDK---------KLNF-----------DGFTIKVFKLSLNTTSLA-----IFATGIDAGNKKISNVADGDISPTSGDVVTGRQLYALMQKGIRVYGDEVSPTKTQTTAPTASSTQG
ARW77853.1,B,---------------------NNVLTKLISLSAT-EEEVVSGEPVYEPLKPT-VSAEANNSPITVEPGLTFKKGDTIDSTTNSAQTNLVKVSRDGFSVKNGKLAPTKLSIGAENAEHVEVTKSGIALKADLRTLLGVDKTVKLTEGLNFTSTDSGVVKFTLKDRLNIIAGGTVTVGGEDG--IKLFK-AINTTDLAGSKVGILAT--DAGNKKISNVADGDISPTSGDVVTGRQLYA------------------------------
ARW77852.1,B,---------------------NNVLTKLISLSAT-EEEVVSGEAVYEALKPT-VSAEANNSPITVEPGLTFKKGDTIDSTTNSAQTNLVKVSRDGFSVKNGKLAPTKLSIGAENAEHVEVTKSGIALKADLRTLLGVDKTVKLTDGLNFTSTDSGVVKFTLKDRLNIIAGGTVTVGGEDG--IKLFK-AINTTDLAGSKVGILAT--DAGNKKISNVADGDISPTSGDVVTGRQLYA------------------------------
ARW77851.1,C,---------------------NNVLTKLISLSAT-EEEVVSGEAVYDALKPT-VSAEANNSPITVEPGLTFKKGDTIDSTTNSAQTNLVKVSRDGFSVKNGKLASTKLSIGAENAEHVEVTKSGIALKADLRTLLGVDKTVKLTDGLNFTSTDNGVVKFTLKDKLNIIAGGTVTVGGEDG--IKLFK-AINTTDLAGSKVGILATGIDAGNKKISNVADGDISPTSGDVVTGRQLYA------------------------------
ARW77850.1,A,---------------------NNVLTKGIY------------------LKPT-----GNNN-----LEAT---GITADSVTFS---------------KGGKL-------------------SGV---SDIFT-IGLDKT--FTVGVDFTDTDK---------KLNF-----------DGFTIKVFKLSLNTTSLA-----IFATGIDAGNKKISNVADGDISPTSGDVVTGRQLYA------------------------------
APW77327.1,A,---------------------NNVLTKGIY------------------LKPT-----GNNN-----LEAT---GITADSVTFS---------------KGGKL-------------------SGV---SDIFT-IGLDKT--FTVGVDFTDTDK---------KLNF-----------DGFTIKVFKLSLNTTSLA-----IFATGIDAGNKKISNVADGDISPTSGDVVTGRQLYA------------------------------
APW77326.1,C,---------------------NNVLTKLISLSAT-EEEVVSGEAVYDALKPT-VSAEANNSPITVEPGLTFKKGDTIDSTTNSAQTNLVKVSRDGFSVKNGKLASTKLSIGAENAEHVEVTKSGIALKADLRTLLGVDKTVKLTDGLNFTSTDNGVVKFTLKDKLNIIAGGTVTVGGEDG--IKLFK-AINTTDLAGSKVGILATGIDAGNKKISNVADGDISPTSGDVVTGRQLYA------------------------------
APW77325.1,C,---------------------NNVLTKLISLSAT-EEEVVSGEAVYDALKPT-VSAEANNSPITVEPGLTFKKGDTIDSTTNSAQTNLVKVSRDGFSVKNGKLASTKLSIGAENAEHVEVTKSGIALKADLRTLLGVDKTVKLTDGLNFTSTDNGVVKFTLKDKLNIIAGGTVTVGGEDG--IKLFK-AINTTDLAGSKVGILATGIDAGNKKISNVADGDISPTSGDVVTGRQLYA------------------------------
APW77324.1,C,---------------------NNVLTKLISLSAT-EEEVVSGEAVYDALKPT-VSAEANNSPITVEPGLTFKKGDTIDSTTNSAQTNLVKVSRDGFSVKNGKLASTKLSIGAENAEHVEVTKSGIALKADLRTLLGVDKTVKLTDGLNFTSTDNGVVKFTLKDKLNIIAGGTVTVGGEDG--IKLFK-AINTTDLAGSKVGILATGIDAGNKKISNVADGDISPTSGDVVTGRQLYA------------------------------
APW77323.1,B,---------------------NNVLTKLISLSAT--EEVVSGEAVYEALKPTTVSAEANNSPITVESGLTFKKGDTIDSTTNSAQTNLVKVSRDGFSVKNGKLAPTKLSIGAENAEHVEVTKSGIALKANLRTLLGVDKTVKLTDGLNFTSTDSGVVKFTLKDKLNIIAGGTVTVGGEDG--IKLFK-AINTTDLAGSKVGILATGIDAGNKKISNVADGDISPTSGDVVTGRQLYA------------------------------
APW77322.1,C,---------------------NNVLTKLISLSAT-EEEVVSGEAVYDALKPT-VSAEANNSPITVEPGLTFKKGDTIDSTTNSAQTNLVKVSRDGFSVKNGKLASTKLSIGAENAEHVEVTKSGIALKADLRTLLGVDKTVKLTDGLNFTSTDNGVVKFTLKDKLNIIAGGTVTVGGEDG--IKLFK-AINTTDLAGSKVGILATGIDAGNKKISNVADGDISPTSGDVVTGRQLYA------------------------------
APW77321.1,C,---------------------NNVLTKLISLSAT-EEEVVSGEAVYDALKPT-VSAEANNSPITVEPGLTFKKGDTIDSTTNSAQTNLVKVSRDGFSVKNGKLASTKLSIGAENAEHVEVTKSGIALKADLRTLLGVDKTVKLTDGLNFTSTDNGVVKFTLKDKLNIIAGGTVTVGGEDG--IKLFK-AINTTDLAGSKVGILATGIDAGNKKISNVADGDISPTSGDVVTGRQLYA------------------------------
APW77320.1,C,---------------------NNVLTKLISLSAT-EEEVVSGEAVYDALKPT-VSAEANNSPITVEPGLTFKKGDTIDSTTNSAQTNLVKVSRDGFSVKNGKLASTKLSIGAENAEHVEVTKSGIALKADLRTLLGVDKTVKLTDGLNFTSTDNGVVKFTLKDKLNIIAGGTVTVGGEDG--IKLFK-AINTTDLAGSKVGILATGIDAGNKKISNVADGDISPTSGDVVTGRQLYA------------------------------
APW77319.1,C,---------------------NNVLTKLISLSAT-EEEVVSGEAVYDALKPT-VSAEANNSPITVEPGLTFKKGDTIDSTTNSAQTNLVKVSRDGFSVKNGKLASTKLSIGAENAEHVEVTKSGIALKADLRTLLGVDKTVKLTDGLNFTSTDNGVVKFTLKDKLNIIAGGTVTVGGEDG--IKLFK-AINTTDLAGSKVGILATGIDAGNKKISNVADGDISPTSGDVVTGRQLYA------------------------------
APW77318.1,C,---------------------NNVLTKLISLSAT-EEEVVSGEAVYDALKPT-VSAEANNSPITVEPGLTFKKGDTIDSTTNSAQTNLVKVSRDGFSVKNGKLASTKLSIGAENAEHVEVTKSGIALKADLRTLLGVDKTVKLTDGLNFTSTDNGVVKFTLKDKLNIIAGGTVTVGGEDG--IKLFK-AINTTDLAGSKVGILATGIDAGNKKISNVADGDISPTSGDVVTGRQLYA------------------------------
APW77317.1,C,---------------------NNVLTKLISLSAT-EEEVVSGEAVYDALKPT-VSAEANNSPITVEPGLTFKKGDTIDSTTNSAQTNLVKVSRDGFSVKNGKLASTKLSIGAENAEHVEVTKSGIALKADLRTLLGVDKTVKLTDGLNFTSTDNGVVKFTLKDKLNIIAGGTVTVGGEDG--IKLFK-AINTTDLAGSKVGILATGIDAGNKKISNVADGDISPTSGDVVTGRQLYA------------------------------
APW77316.1,C,---------------------NNVLTKLISLSAT-EEEVVSGEAVYDALKPT-VSAEANNSPITVEPGLTFKKGDTIDSTTNSAQTNLVKVSRDGFSVKNGKLASTKLSIGAENAEHVEVTKSGIALKADLRTLLGVDKTVKLTDGLNFTSTDNGVVKFTLKDKLNIIAGGTVTVGGEDG--IKLFK-AINTTDLAGSKVGILATGIDAGNKKISNVADGDISPTSGDVVTGRQLYA------------------------------
APW77315.1,C,---------------------NNVLTKLISLSAT-EEEVVSGEAVYDALKPT-VSAEANNSPITVEPGLTFKKGDTIDSTTNSAQTNLVKVSRDGFSVKNGKLASTKLSIGAENAEHVEVTKSGIALKADLRTLLGVDKTVKLTDGLNFTSTDNGVVKFTLKDKLNIIAGGTVTVGGEDG--IKLFK-AINTTDLAGSKVGILATGIDAGNKKISNVADGDISPTSGDVVTGRQLYA------------------------------
APW77314.1,C,---------------------NNVLTKLISLSAT-EEEVVSGEAVYDALKPT-VSAEANNSPITVEPGLTFKKGDTIDSTTNSAQTNLVKVSRDGFSVKNGKLASTKLSIGAENAEHVEVTKSGIALKADLRTLLGVDKTVKLTDGLNFTSTDNGVVKFTLKDKLNIIAGGTVTVGGEDG--IKLFK-AINTTDLAGSKVGILATGIDAGNKKISNVADGDISPTSGDVVTGRQLYA------------------------------
APW77313.1,C,---------------------NNVLTKLISLSAT-EEEVVSGEAVYDALKPT-VSAEANNSPITVEPGLTFKKGDTIDSTTNSAQTNLVKVSRDGFSVKNGKLASTKLSIGAENAEHVEVTKSGIALKADLRTLLGVDKTVKLTDGLNFTSTDNGVVKFTLKDKLNIIAGGTVTVGGEDG--IKLFK-AINTTDLAGSKVGILATGIDAGNKKISNVADGDISPTSGDVVTGRQLYA------------------------------
APW77312.1,C,---------------------NNVLTKLISLSAT-EEEVVSGEAVYDALKPT-VSAEANNSPITVEPGLTFKKGDTIDSTTNSAQTNLVKVSRDGFSVKNGKLASTKLSIGAENAEHVEVTKSGIALKADLRTLLGVDKTVKLTDGLNFTSTDNGVVKFTLKDKLNIIAGGTVTVGGEDG--IKLFK-AINTTDLAGSKVGILATGIDAGNKKISNVADGDISPTSGDVVTGRQLYA------------------------------
UZZ63608.1,C,DGTITFTNIGGTGQDTIHDAINNVLTKLISLSAT--EEVVSGEAVYEALKPTTVSAEANNSPITVESGLTFKKGDTIDSTTNSAQTNLVKVSRDGFSVKNGKLAPTKLSIGAENAEHVEVTKSGIALKANLRTLLGVDKTVKLTDGLNFTSTDSGVVKFTLKDKLNIIAGGTVTVGGEDG--IKLFK-AINTTDLAGSKVGILATGIDAGNKKISNVADGDISPTSGDVVTGRQLYALMQKGIRVYGDEVSPTKTQTTAPTASSTQG
UQW95084.1,B,DGTITFTNIGGTGQDTIHDAINNVLTKLISLSAT-EEEVVSGEPVYEPLKPT-VSAEANNSPITVEPGLTFKKGDTIDSTTNSAQTNLVKVSRDGFSVKNGKLAPTKLSIGAENAEHVEVTKSGIALKADLRTLLGVDKTVKLTDGLNFTSTDSGVVKFTLKDRLNIIAGGTVTVGGEDG--IKLFK-AINTTDLAGSKVGILATGIDAGNKKISNVADGDISPTSGDVVTGRQLYALMQKGIRVYGDEVSPTKTQTTAPTASSTQG
UQW95083.1,B,DGTITFTNIGGTGQDTIHDAINNVLTKLISLSAT-EEEVVSGEPVYEPLKPT-VSAEANNSPITVEPGLTFKKGDTIDSTTNSAQTNLVKVSRDGFSVKNGKLAPTKLSIGAENAEHVEVTKSGIALKADLRTLLGVDKTVKLTEGLNFTSTDSGVVKFTLKDRLNIIAGGTVTVGGEDG--IKLFK-AINTTDLAGLKVGILAT--DAGNKKISNVADGDISPTSGDVVTGRQLYALMQKGIRVYGDEVSPTKTQTTAPTASSTQG
UQW95082.1,B,DGTITFTNIGGTGQDTIHDAINNVLTKLISLSAT-EEEVVSGEPVYEPLKPT-VSAEANNSPITVEPGLTFKKGDTIDSTTNSAQTNLVKVSRDGFSVKNGKLAPTKLSIGAENAEHVEVTKSGIALKADLRTLLGVDKTVKLTEGLNFTSTDSGVVKFTLKDRLNIIAGGTVTVGGEDG--IKLFK-AINTTDLAGLKVGILAT--DAGNKKISNVADGDISPTSGDVVTGRQLYALMQKGIRVYGDEVSPTKTQTTAPTASSTQG
UQW95081.1,A,DGTITFTNIGGTGQATIHDAINNVLTKGIY------------------LKPT-----GNNN-----LGAT---GITADSVTFS---------------KGGKL-------------------SGV---SDIFT-IGLDKT--FTVGVDFTDTDK---------KLNF-----------DGFTIKVFKLSLNTTSLA-----IFATGIDAGNKKISNVADGDISPTSGDVVTGRQLYALMQKGIRVYGDEVSPTKTQTTAPTASSTQG
UQW95080.1,B,DGTITFTNIGGTGQDTIHDAINNVLTKLISLSAT-EEEVVSGEPVYEPLKPT-VSAEANNSPITVEPGLTFKKGDTIDSTTNSAQTNLVKVSRDGFSVKNGKLAPTKLSIGAENAEHVEVTKSGIALKADLRTLLGVDKTVKLTDGLNFTSTDSGVVKFTLKDRLNIIAGGTVTVGGEDG--IKLFK-AINTTDLAGSKVGILATGIDAGNKKISNVADGDISPTSGDVVTGRQLYALMQKGIRVYGDEVSPTKTQTTAPTASSTQG
QJI54728.1,C,----------------IHDAINNVLTKLISLSAT--EEVVSGEAVYEALKPTTVSAEANNSPITVESGLTFKKGDTIDSTTNSAQTNLVKVSRDGFSVKNGKLAPTKLSIGAENAEHVEVTKSGIALKANLRTLLGVDKTVKLTDGLNFTSTDSGVVKFTLKDKLNIIAGGTVTVGGEDG--IKLFK-AINTTDLAGSKVGILATGIDAGNKKISNVADGDISPTSGDVVTGRQLYALMQKGIRVYGDEVSPT--------------
QJI54727.1,C,----------------IHDAINNVLTKLISLSAT--EEVVSGEAVYEALKPTTVSAEANNSPITVESGLTFKKGDTIDSTTNSAQTNLVKVSRDGFSVKNGKLAPTKLSIGAENAEHVEVTKSGIALKANLRTLLGVDKTVKLTDGLNFTSTDSGVVKFTLKDKLNIIAGGTVTVGGEDG--IKLFK-AINTTDLAGSKVGILATGIDAGNKKISNVADGDISPTSGDVVTGRQLYALMQKGIRVYGDEVSPT--------------
QJI54726.1,B,----------------IHDAINNVLTKLISLSAT-EEEVVSGEPVYEPLKPT-VSAEANNSPITVEPGLTFKKGDTIDSTTNSAQTNLVKVSRDGFSVKNGKLAPTKLSIGAENAEHVEVTKSGIALKADLRTLLGVDKTVKLTDGLNFTSTDSGVVKFTLKDRLNIIAGGTVTVGGEDG--IKLFK-AINTTDLAGSKVGILATGIDAGNKKISNVADGDISPTSGDVVTGRQLYALMQKGIRVYGDEVSPT--------------
QJI54725.1,B,----------------IHDAINNVLTKLISLSAT--EEVVSGEPVYEPLKPT-VSAEANNSPITVEPGLTFKKGDTIDSTTNSAQTNLVKVSRDGFSVKNGKLAPTKLSIGAENAEHVEVTKSGIALKADLRTLLGVDKTVKLTDGLNFTSTDSGVVKFTLRDRLNIIAGGTVTVGGEDG--IKLFK-AINTTDLAGSKVGILATGIDAGNKKISNVADGDISPTSGDVVTGRQLYALMQKGIRVYGDEVSPT--------------
QJI54724.1,C,----------------IHDAINNVLTKLISLSAT--EEVVSGEAVYEALKPTTVSAEANNSPITVESGLTFKKGDTIDSTTNSAQTNLVKVSRDGFSVKNGKLAPTKLSIGAENAEHVEVTKSGIALKANLRTLLGVDKTVKLTDGLNFTSTDSGVVKFTLKDKLNIIAGGTVTVGGEDG--IKLFK-AINTTDLAGSKVGILATGIDAGNKKISNVADGDISPTSGDVVTGRQLYALMQKGIRVYGDEVSPT--------------
QJI54723.1,C,----------------IHDAINNVLTKLISLSAT--EEVVSGEAVYEALKPTTVSAEANNSPITVESGLTFKKGDTIDSTTNSAQTNLVKVSRDGFSVKNGKLAPTKLSIGAENAEHVEVTKSGIALKANLRTLLGVDKTVKLTDGLNFTSTDSGVVKFTLKDKLNIIAGGTVTVGGEDG--IKLFK-AINTTDLAGSKVGILATGIDAGNKKISNVADGDISPTSGDVVTGRQLYALMQKGIRVYGDEVSPT--------------
QJI54722.1,C,----------------IHDAINNVLTKLISLSAT--EEVVSGEAVYEALKPTTVSAEANNSPITVESGLTFKKGDTIDSTTNSAQTNLVKVSRDGFSVKNGKLAPTKLSIGAENAEHVEVTKSGIALKANLRTLLGVDKTVKLTDGLNFTSTDSGVVKFTLKDKLNIIAGGTVTVGGEDG--IKLFK-AINTTDLAGSKVGILATGIDAGNKKISNVADGDISPTSGDVVTGRQLYALMQKGIRVYGDEVSPT--------------
AQX45472.1,A,DGTITFTNIGGTGQATIHDAINNVLTKGIY------------------LKPT-----GNNN-----LGAT---GITADSVTFS---------------KGGKL-------------------SGV---SD-----------------------------------NAITGNIFTIG------------TLN---------------------KINNPADQDLSNLS-----------------------------------------
XCZ58532.1,C,DGTITFTNIGGTGQDTIHDAINNVLTKLISLSAT--EEVVSGEPVYEPLKPT-VSAEANNSPITVEPGLTFKKGDTIDSTTNSAQTNLVKVSRDGFSVKNGQLASTKLSIGAENAEHVKVTKSGIALKADLRTLLGVDKTVKLTDGLNFTSTDNGVVKFTLKDKLNIIAGGTVTVGGEDG--IKLFK-AINTTDLAGSKVGILATGIDAGNKKISNVADGDISPTSGDVVTGRQLYALMQKGIRVYGDEVSPTKTQTTAPTASSTQG
XCZ58531.1,C,DGTITFTNIGGTGQDTIHDAINNVLTKLISLSAT-EEEVVSGEAVYDALKPT-VSAEANNSPITVEPGLTFKKGDTIDSTTNSAQTNLVKVSRDGFSVKNGKLASTKLSIGAENAEHVEVTKSGIALKADLRTLLGVDKTVKLTDGLNFTSTDNGVVKFTLKDKLNIIAGGTVTVGGEDG--IKLFK-AINTTDLAGSKVGILATGIDAGNKKISNVADGDISPTSGDVVTGRQLYALMQKGIRVYGDEVSPTKTQTTAPTASSTQG
XCZ58530.1,A,DGTITFTNIGGTGQATIHDAINNVLTKGIY------------------LKPT-----GNNN-----LGAT---GITADSVTFS---------------KGGKL-------------------SGV---SDIFT-IGLDKT--FTVGVDFTDTDK---------KLNF-----------DGFTIKVFKLSLNTTSLA-----IFATGIDAGNKKISNVADGDISPTSGDVVTGRQLYALMQKGIRVYGDEVSPTKTQTTAPTASSTQG
XCZ58529.1,A,DGTITFTNIGGTGQATIHDAINNVLTKGIY------------------LKPT-----GNNN-----LGAT---GITADSVTFS---------------KGGKL-------------------SGV---SDIFT-IGLDKT--FTVGVDFTDTDK---------KLNF-----------DGFTIKVFKLSLNTTSLA-----IFATGIDAGNKKISNVADGDISPTSGDVVTGRQLYALMQKGIRVYGDEVSPTKTQTTAPTASSTQG
XCZ58528.1,A,DGTITFTNIGGTGQATIHDAINNVLTKGIY------------------LKPT-----GNNN-----LGAT---GITADSVTFS---------------KGGKL-------------------LGV---SDIFT-IGLDKT--FTVGVDFTDTDK---------KLNF-----------DGFTIKVFKLSLNTTSLA-----IFATGIDAGNKKISNVADGDISPTSGDVVTGRQLYALMQKGIRVYGDEVSPTKTQTTAPTASSTQG
XCZ58527.1,A,DGTITFTNIGGTGQATIHDAINNVLTKGIY------------------LKPT-----GNNN-----LGAT---GITADSVTFS---------------KGGKL-------------------SGV---GDIFT-IGLDKT--FTVGVDFTDTDK---------KLNF-----------DGFTIKVFKLSLNTTSLA-----IFATGIDAGNKKISNVADGDISPTSGDVVTGRQLYALMQKGIRVYGDEVSPTKTQTTAPTASSTQG
XCZ58526.1,A,DGTITFTNIGGTGQDTIHDAINNVLTKGIY------------------LKPT-----GNNN-----LGAT---GITADSVTFS---------------KGGKL-------------------SGV---SDIFT-IGLDKT--FTVGVDFTDTDK---------KLNF-----------DGFTIKVFKLSLNTTSLA-----IFATGIDAGNKKISNVADGDISPTSGDVVTGRQLYALMQKGIRVYGDEVSPTKTQTTAPTASSTQG
XCZ58525.1,A,DGTITFTNIGGTGQDTIHDAINNVLTKGIY------------------LKPT-----GNNN-----LGAT---GITADSVTFS---------------KGGKL-------------------SGV---SDIFT-IGLDKT--FTVGVDFTDTDK---------KLNF-----------DGFTIKVFKLSLNTTSLA-----IFATGIDAGNKKISNVADGDISPTSGDVVTGRQLYALMQKGIRVYGDEVSPTKTQTTAPTASSTQG
XCZ58524.1,A,DGTITFTNIGGTGQATIHDAINNVLTKGIY------------------LKPT-----GNNN-----LGAT---GITADSVTFS---------------KGGKL-------------------SGV---SDIFT-IGLDKT--FTVGVDFTDTDK---------KLNF-----------DGFTIKVFKLSLNTTSLA-----IFATGIDAGNKKISNVADGDISPTSGDVVTGRQLYALMQKGIRVYGDEVSPTKTQTTAPTASSTQG
XCZ58523.1,A,DGTITFTNIGGTGQATIHDAINNVLTKGIY------------------LKPT-----GNNN-----LGAT---GITADSVTFS---------------KGGKL-------------------SGV---SDIFT-IGLDKT--FTVGVDFTDTDK---------KLNF-----------DGFTIKVFKLSLNTTSLA-----IFATGIDAGNKKISNVADGDISPTSGDVVTGRQLYALMQKGIRVYGDEVSPTKTQTTAPTASSTQG
XCZ58522.1,A,DGTITFTNIGGTGQATIHDAINNVLTKGIY------------------LKPT-----GNNN-----LGAT---GITADSVTFS---------------KGGKL-------------------SGV---SDIFT-IGLDKT--FTVGVDFTDTDK---------KLNF-----------DGFTIKVFKLSLNTTSLA-----IFATGIDAGNKKISNVADGDISPTSGDVVTGRQLYALMQKGIRVYGDEVSPTKTQTTAPTASSTQG
XCZ58521.1,A,DGTITFTNIGGTGQATIHDAINNVLTKGIY------------------LKPT-----GNNN-----LGAT---GITADSVTFS---------------KGGKL-------------------SGV---SDIFT-IGLDKT--FTVGVDFTDTDK---------KLNF-----------DGFTIKVFKLSLNTTSLA-----IFATGIDAGNKKISNVADGDISPTSGDVVTGRQLYALMQKGIRVYGDEVSPTKTQTTAPTASSTQG
XCZ58520.1,A,DGTITFTNIGGTGQATIHDAINNVLTKGIY------------------LKPT-----GNNN-----LGAT---GITADSVTFS---------------KGGKL-------------------SGV---SDIFT-TGLGKT--FTVGVDFTDTDK---------KLNF-----------DGFTIKVFKLSLNTTSLA-----IFATGIDAGNKKISNVADGDISPTSGDVVTGRQLYALMQKGIRVYGDEVSPTKTQTTAPTASSTQG
XCZ58519.1,A,DGTITFTNIGGTGQATIHDAINNVLTKGIY------------------LKPT-----GNNN-----LGAT---GITADSVTFS---------------KGGKL-------------------SGV---SDIFT-IGLDKT--FTVGVDFTDTDK---------KLNF-----------DGFTIKVFKLSLNTTSLA-----IFATGIDAGNKKISNVADGDISPTSGDVVTGRQLYALMQKGIRVYGDEVSPTKTQTTAPTASSTQG
XCZ58518.1,A,DGTITFTNIGGTGQATIHDAINNVLTKGIY------------------LKPT-----GNNN-----LGAT---GITADSVTFS---------------KGGKL-------------------SGV---SDIFT-TGLGKT--FTVGVDFTDTDK---------KLNF-----------DGFTIKVFKLSLNTTSLA-----IFATGIDAGNKKISNVADGDISPTSGDVVTGRQLYALMQKGIRVYGDEVSPTKTQTTAPTASSTQG
XCZ58517.1,A,DGTITFTNIGGTGQATIHDAINNVLTKGIY------------------LKPT-----GNNN-----LGAT---GITADSVTFS---------------KGGKL-------------------SGV---SDIFT-TGLGKT--FTVGVDFTDTDK---------KLNF-----------DGFTIKVFKLSLNTTSLA-----IFATGIDAGNKKISNVADGDISPTSGDVVTGRQLYALMQKGIRVYGDEVSPTKTQTTAPTASSTQG
XCZ58516.1,A,DGTITFTNIGGTGQATIHDAINNVLTKGIY------------------LKPT-----GNNN-----LGAT---GITADSVTFS---------------KGGKL-------------------SGV---SDIFT-TGLGKT--FTVGVDFTDTDK---------KLNF-----------DGFTIKVFKLSLNTTSLA-----IFATGIDAGNKKISNVADGDISPTSGDVVTGRQLYALMQKGIRVYGDEVSPTKTQTTAPTASSTQG
XCZ58515.1,A,DGTITFTNIGGTGQATIHDAINNVLTKGIY------------------LKPT-----GNNN-----LGAT---GITADSVTFS---------------KGGKL-------------------SGV---SDIFT-TGLGKT--FTVGVDFTDTDK---------KLNF-----------DGFTIKVFKLSLNTTSLA-----IFATGIDAGNKKISNVADGDISPTSGDVVTGRQLYALMQKGIRVYGDEVSPTKTQTTAPTASSTQG
XCZ58514.1,A,DGTITFTNIGGTGQATIHDAINNVLTKGIY------------------LKPT-----GNNN-----LGAT---GITADSVTFS---------------KGGKL-------------------SGV---SDIFT-TGLGKT--FTVGVDFTDTDK---------KLNF-----------DGFTIKVFKLSLNTTSLA-----IFATGIDAGNKKISNVADGDISPTSGDVVTGRQLYALMQKGIRVYGDEVSPTKTQTTAPTASSTQG
XCZ58513.1,A,DGTITFTNIGGTGQATIHDAINNVLTKGIY------------------LKPT-----GNNN-----LGAT---GITADSVTFS---------------KGGKL-------------------SGV---SDIFT-IGLDKT--FTVGVDFTDTDK---------KLNF-----------DGFTIKVFKLSLNTTSLA-----IFATGIDAGNKKISNVADGDISPTSGDVVTGRQLYALMQKGIRVYGDEVSPTKTQTTAPTASSTQG
XCZ58512.1,A,DGTITFTNIGGTGQATIHDAINNVLTKGIY------------------LKPT-----GNNN-----LGAT---GITADSVTFS---------------KGGKL-------------------SGV---SDIFT-IGLDKT--FTVGVDFTDTDK---------KLNF-----------DGFTIKVFKLSLNTTSLA-----IFATGIDAGNKKISNVADGDISPTSGDVVTGRQLYALMQKGIRVYGDEVSPTKTQTTAPTASSTQG
XCZ58511.1,A,DGTITFTNIGGTGQDTIHDAINNVLTKGIY------------------LKPT-----GNNN-----LGAT---GITADSVTFS---------------KGGKL-------------------SGV---SDIFT-IGLDKT--FTVGVDFTDTDK---------KLNF-----------DGFTIKVFKLSLNTTSLA-----IFATGIDAGNKKISNVADGDISPTSGDVVTGRQLYALMQKGIRVYGDEVSPTKTQTTAPTASSTQG
XCZ58510.1,A,DGTITFTNIGGTGQDTIHDAINNVLTKGIY------------------LKPT-----GNNN-----LGAT---GITADSVTFS---------------KGGKL-------------------SGV---SDIFT-IGLDKX--FTVGVDFTDTDK---------KLNF-----------DGFTIKVFKLSLNTTSLA-----IFATGIDAGNKKISNVADGDISPTSGDVVTGRQLYALMQKGIRVYGDEVSPTKTQTTAPTASSTQG
XCZ58509.1,A,DGTITFTNIGGTGQDTIHDAINNVLTKGIY------------------LKPT-----GNNN-----LGAT---GITADSVTFS---------------KGGKL-------------------SGV---SDIFT-IGLDKX--FTVGVDFTDTDK---------KLNF-----------DGFTIKVFKLSLNTTSLA-----IFATGIDAGNKKISNVADGDISPTSGDVVTGRQLYALMQKGIRVYGDEVSPTKTQTTAPTASSTQG
XCZ58508.1,A,DGTITFTNIGGTGQDTIHDAINNVLTKGIY------------------LKPT-----GNNN-----LGAT---GITADSVTFS---------------KGGKL-------------------SGV---SDIFT-IGLDKX--FTVGVDFTDTDK---------KLNF-----------DGFTIKVFKLSLNTTSLA-----IFATGIDAGNKKISNVADGDISPTSGDVVTGRQLYALMQKGIRVYGDEVSPTKTQTTAPTASSTQG
XCZ58507.1,A,DGTITFTNIGGTGQATIHDAINNVLTKGIY------------------LKPT-----GNNN-----LGAT---GITADSVTFS---------------KGGKL-------------------SGV---SDIFT-TGLDKT--FTVGVDFTDTDK---------KLNF-----------DGFTIKVFKLSLNTTSLA-----IFATGIDAGNKKISNVADGDISPTSGDVVTGRQLYALMQKGIRVYGDEVSPTKTQTTAPTASSTQG
XCZ58506.1,A,DGTITFTNIGGTGQATIHDAINNVLTKGIY------------------LKPT-----GNNN-----LGAT---GITADSVTFS---------------KGGKL-------------------SGV---SDIFT-IGLDKT--FTVGVDFTDTDK---------KLNF-----------DGFTIKVFKLSLNTTSLA-----IFATGIDAGNKKISNVADGDISPTSGDVVTGRQLYALMQKGIRVYGDEVSPTKTQTTAPTASSTQG
XCZ58505.1,A,DGTITFTNIGGTRQATIHDAINNVLTKGIY------------------LKPT-----GNNN-----LGAT---GITADSVTFS---------------KGGKL-------------------SGV---SDIFT-IGLDKT--FTVGVDFTDTDK---------KLNF-----------DGFTIKVFKLSLNTTSLA-----IFATGIDAGNKKISNVADGDISPTSGDVVTGRQLYALMQKGIRVYGDEVSPTKTQTTAPTASSTQG
XCZ58504.1,A,DGTITFTNIGGTGQATIHDAINNVLTKGIY------------------LKPT-----GNNN-----LGAT---GITADSVTFS---------------KGGKL-------------------SGV---SDIFT-IGLDKT--FTVGVDFTDTDK---------KLNF-----------DGFTIKVFKLSLNTTSLA-----IFATGIDAGNKKISNVADGDISPTSGDVVTGRQLYALMQKGIRVYGDEVSPTKTQTTAPTASSTQG
XCZ58503.1,A,DGTITFTNIGGTRQATIHDAINNVLTKGIY------------------LKPT-----GNNN-----LGAT---GITADSVTFS---------------KGGKL-------------------SGV---SDIFT-TGSDKT--FTVGVDFTDTDK---------KLNF-----------DGFTIKVFKLSLNTTSLA-----IFATGIDAGNKKISNVADGDISPTSGDVVTGRQLYALMQKGIRVYGDEVSPTKTQTTAPTASSTQG
XCZ58502.1,A,DGTITFTNIGGTGQATIHDAINNVLTKGIY------------------LKPT-----GNNN-----LGAT---GITADSVTFS---------------KGGKL-------------------SGV---SDIFT-IGLDKT--FTVGVDFTDTDK---------KLNF-----------DGFTIKVFKLSLNTTSLA-----IFATGIDAGNKKISNVADGDISPTSGDVVTGRQLYALMQKGIRVYGDEVSPTKTQTTAPTASSTQG
XCZ58501.1,A,DGTITFTNIGGTGQATIHDAINNVLTKGIY------------------LKPT-----GNNN-----LEAT---GITADSVTFS---------------KGGKL-------------------SGV---SDIFT-IGLDKT--FTVGVDFTDTDK---------KLNF-----------DGFTIKVFKLSLNTTSLA-----IFATGIDAGNKKISNVADGDISPTSGDVVTGRQLYALMQKGIRVYGDEVSPTKTQTTAPTASSTQG
XCZ58500.1,A,DGTITFTNIGGTGQATIHDAINNVLTKGIY------------------LKPT-----GNNN-----LGAT---GITADSVTFS---------------KGGKL-------------------SGV---SDIFT-TGLGKT--FTVGVDFTDTDK---------KLNF-----------DGFTIKVFKLSLNTTSLA-----IFATGIDAGNKKISNVADGDISPTSGDVVTGRQLYALMQKGIRVYGDEVSPTKTQTTAPTASSTQG
XCZ58499.1,A,DGTITFTNIGGTGQATIHDAINNVLTKGIY------------------LKPT-----GNNN-----LGAT---GITADSVTFS---------------KGGKL-------------------SGV---SDIFT-IGLDKT--FTVGVDFTDTDK---------KLNF-----------DGFTIKVFKLSLNTTSLA-----IFATGIDAGNKKISNVADGDISPTSGDVVTGRQLYALMQKGIRVYGDEVSPTKTQTTAPTASSTQG
XCZ58498.1,A,DGTITFTNIGGTGQATIHDAINNVLTKGIY------------------LKPT-----GNNN-----LGAT---GITADSVTFS---------------KGGKL-------------------SGV---SDIFT-IGLDKT--FTVGVDFTDTDK---------KLNF-----------DGFTIKVFKLSLNTTSLA-----IFATGIDAGNKKISNVADGDISPTSGDVVTGRQLYALMQKGIRVYGDEVSPTKTQTTAPTASSTQG
XCZ58497.1,A,DGTITFTNIGGTGQATIHDAINNVLTKGIY------------------LKPT-----GNNN-----LGAT---GITADSVTFS---------------KGGKL-------------------SGV---SDIFT-TGLGKT--FTVGVDFTDTDK---------KLNF-----------DGFTIKVFKLSLNTTSLA-----IFATGIDAGNKKISNVADGDISPTSGDVVTGRQLYALMQKGIRVYGDEVSPTKTQTTAPTASSTQG
XCZ58496.1,A,DGTITFTNIGGTGQATIHDAINNVLTKGIY------------------LKPT-----GNNN-----LGAT---GITADSVTFS---------------KGGKL-------------------SGV---SDIFT-TGLGKT--FTVGVDFTDTDK---------KLNF-----------DGFTIKVFKLSLNTTSLA-----IFATGIDAGNKKISNVADGDISPTSGDVVTGRQLYALMQKGIRVYGDEVSPTKTQTTAPTASSTQG
XCZ58495.1,A,DGTITFTNIGGTGQATIHDAINNVLTKGIY------------------LKPT-----GNNN-----LGAT---GITADSVTFS---------------KGGKL-------------------SGV---SDIFT-TGLGKT--FTVGVDFTDTDK---------KLNF-----------DGFTIKVFKLSLNTTSLA-----IFATGIDAGNKKISNVADGDISPTSGDVVTGRQLYALMQKGIRVYGDEVSPTKTQTTAPTASSTQG
XCZ58494.1,A,DGTITFTNIGGTGQATIHDAINNVLTKGIY------------------LKPT-----GNNN-----LGAT---GITADSVTFS---------------KGGKL-------------------SGV---SDIFT-IGLDKT--FTVGVDFTDTDK---------KLNF-----------DGFTIKVFKLSLNTTSLA-----IFATGIDAGNKKISNVADGDISPTSGDVVTGRQLYALMQKGIRVYGDEVSPTKTQTTAPTASSTQG
XCZ58493.1,A,DGTITFTNIGGTGQATIHDAINNVLTKGIY------------------LKPT-----GNNN-----LGAT---GITADSVTFS---------------KGGKL-------------------SGV---SDIFT-IGLDKT--FTVGVDFTDTDK---------KLNF-----------DGFTIKVFKLSLNTTSLA-----IFATGIDAGNKKISNVADGDISPTSGDVVTGRQLYALMQKGIRVYGDEVSPTKTQTTAPTASSTQG
XCZ58492.1,A,DGTITFTNIGGTGQDTIHDAINNVLTKGIY------------------LKPT-----GNNN-----LGAT---GITADSVTFS---------------KGGKL-------------------SGV---SDIFT-IGLDKX--FTVGVDFTDTDK---------KLNF-----------DGFTIKVFKLSLNTTSLA-----IFATGIDAGNKKISNVADGDISPTSGDVVTGRQLYALMQKGIRVYGDEVSPTKTQTTAPTASSTQG
XCZ58491.1,A,DGTITFTNIGGTGQDTIHDAINNVLTKGIY------------------LKPT-----GNNN-----LGAT---GITADSVTFS---------------KGGKL-------------------SGV---SDIFT-IGLDKX--FTVGVDFTDTDK---------KLNF-----------DGFTIKVFKLSLNTTSLA-----IFATGIDAGNKKISNVADGDISPTSGDVVTGRQLYALMQKGIRVYGDEVSPTKTQTTAPTASSTQG
XCZ58490.1,A,DGTITFTNIGGTGQATIHDAINNVLTKGIY------------------LKPT-----GNNN-----LEAT---GITADSVTFS---------------KGGKL-------------------SGV---SDIFT-IGLDKT--FTVGVDFTDTDK---------KLNF-----------DGFTIKVFKLSLNTTSLA-----IFATGIDAGNKKISNVADGDISPTSGDVVTGRQLYALMQKGIRVYGDEVSPTKTQTTAPTASSTQG
XCZ58489.1,A,DGTITFTDIGGTGQNTIHDAINNVLIKY--------------------LKPT-----GNDSPITVESGLTFKKGELIDST---AQTNLVKVSRDGFSVKNGKLAPTKLSIGAENAEHVEVTKSGIALKANLRTLLGVDKTVKLTDGLNFTSTDSGVVKFTLKDRLNIIAGGTVTVGGEDG--IKLFK-AINTTDLAGSKVGILGTGIDAGNKKISNVADGDISPTSGDVVTGRQLYALMQKGIRVYGDKVSPTKTQTTAPTASSTQG
XCZ58488.1,A,DGTITFTDIGGTGQNTIHDAINNVLIKY--------------------LKPT-----GNDSPITVESGLTFKKGELIDST---AQTNLVKVSRDGFSVKNGKLAPTKLSIGAENAEHVEVTKSGIALKANLRTLLGVDKTVKLTDGLNFTSTDSGVVKFTLKDRLNIIAGGTVTVGGEDG--IKLFK-AINTTDLAGSKVGILGTGIDAGNKKISNVADGDISPTSGDVVTGRQLYALMQKGIRVYGDKVSPTKTQTTAPTASSTQG
XCZ58487.1,A,DGTITFTDIGGTGQNTIHDAINNVLIKY--------------------LKPT-----GNDSPITVESGLTFKKGDTIDSTTNSAQTNLVKVSRDGFSVKNGKLAPTKLSIGAENAEHVEVTKSGIALKANLRTLLGVDKTVKLTDGLNFTSTDSGVVKFTLKDKLNIIAGGTVTVGGEDG--IKLFK-AINTTDLAGSKVGILATGIDAGNKKISNVADGDISPTSGDVVTGRQLYALMQKGIRVYGDEVSPTKTQTTAPTASSTQG
XCZ58486.1,A,DGTITFTDIGGTGQNTIHDAINNVLIKY--------------------LKPT-----GNDSPITVESGLTFKKGEPIDST---AQTNLVKVSRDGFSVKNGKLAPTKLSIGAENAEHVEVTKSGIALKANLRTLLGVDKTVKLTDGLNFTSTDSGVVKFTLKDRLNIIAGGTVTVGGEDG--IKLFK-AINTTDLAGSKVGILGTGIDAGNKKISNVADGDISPTSGDVVTGRQLYALMQKGIRVYGDKVSPTKTQTTAPTASSTQG
XCZ58485.1,B,DGTITFTNIGGTGQDTIHDAINNVLTKLIS------------------LSVV-------NSPITVEPGLTFKKGDTIDSTTNSAQTNLVKVSRDGFSVKNGKLAPTKLSIGAENAEHVEVTKSGIALKADLRTLLGVDKTVKLTDGLNFTSTDSGVVKFTLKDKLNIIAGGTVTVGGEDG--IKLFK-AINTTDLAGSKVGILATGIDAGNKKISNVADGDISPTSGDVVTGRQLYALMQKGIRVYGDEVSPTKTQTTAPTASSTQG
XCZ58484.1,B,DGTITFTNIGGTGQDTIHDAINNVLTKLIS------------------LSVV-------NSPITVEPGLTFKKGDTIDSTTNSAQTNLVKVSRDGFSVKNGKLAPTKLSIGAENAEHVEVTKSGIALKADLRTLLGVDKTVKLTDGLNFTSTDSGVVKFTLKDKLNIIAGGTVTVGGEDG--IKLFK-AINTTDLAGSKVGILATSIDAGNKKISNVADGDISPTSGDVVTGRQLYALMQKGIRVYGDEVSPTKTQTTAPTASSTQG
XCZ58483.1,A,DGTITFTDIGSTGQNTIHDAINNVLIKY--------------------LKPT-----GNDSPITVESGLTFKKGDTIDST---AQTNLVKVSRDGFSVKNGKLAPTKLSIGAENAEHVEVTKSGIALKANLRTLLGVDKTVKLTDGLNFTSTDSGVVKFTLKDRLNIIAGGTVTVGGEDG--IKLFK-AINTTDLAGSKVGILGTGIDAGNKKISNVADGDISPTSGDVVTGRQLYALMQKGIRVYGDKVSPTKTQTTAPTASSTQG
XCZ58482.1,C,DGTITFTDIGGTGQNTIHDAINNVLIKY--------------------LKPT-----GNDSPITVESGLTFKKGDTIDSTTNSAQTNLVKVSRDGFSVKNGKLASTKLSIGAENAEHVEVTKSGIALKADLRTLLGVDKTVKLTDGLNFTSTDNGVVKFTLKDKLNIIAGGTVTVGGEDG--IKLFK-AINTTDLAGSKVGILATGIDAGNKKISNVADGDISPTSGDVVTGRQLYALMQKGIRVYGDEVSPTKTQTTAPTASSTQG
XCZ58481.1,C,DGTITFTNIGGTGQDTIHDAINNVLTKLISLSAT-EEEVVSGEAVYDALKPT-VSAEANNSPITVEPGLTFKXGDTIDSTTNSAQTNLVKVSRDGFSVKNGKLASTKLSIGAENAEHVEVTKSGIALKADLRTLLGVDKTVKLTDGLNFTSTDNGVVKFTLKDKLNIIAGGTVTVGGEDG--IKLFK-AINTTDLAGSKVGILATGIDAGNKKISNVADGDISPTSGDVVTGRQLYALMQKGIRVYGDEVSPTKTQTTAPTASSTQG
XCZ58480.1,C,DGTITFTNIGGTGQDTIHDAINNVLTKLISLSAT-EEEVVSGEAVYDALKPT-VSAEANNSPITVEPGLTFKKGDTIDSTTNSAQTNLVKVSRDGFSVKNGKLASTKLSIGAENAEHVEVTKSGIALKADLRTLLGVDKTVKLTDGLNFTSTDNGVVKFTLKDKLNIIAGGTVTVGGEDG--IKLFK-AINTTDLAGSKVGILATGIDAGNKKISNVADGDISPTSGDVVTGRQLYALMQKGIRVYGDEVSPTKTQTTAPTASSTQG
XCZ58479.1,C,DGTITFTNIGGTGQDTIHDAINNVLTKLISLSAT--EEVVSGEAVYEALKPTTVSAEANNSPITVESGLTFKKGDTIDSTTNSAQTNLVKVSRDGFSVKNGKLAPTKLSIGAENAEHVEVTKSGIALKANLRTLLGVDKTVKLTDGLNFTSTDSGVVKFTLKDKLNIIAGGTVTVGGEDG--IKLFK-AINTTDLAGSKVGILATGIDAGNKKISNVADGDISPTSGDVVTGRQLYALMQKGIRVYGDEVSPTKTQTTAPTASSTQG
XCZ58478.1,C,DGTITFTNIGGTGQDTIHDAINNVLTKLISLSAT--EEVVSGEAVYEALKPTTVSAEANNSPITVESGLTFKKGDTIDSTTNSAQTNLVKVSRDGFSVKNGKLAPTKLSIGAENAEHVEVTKSGIALKANLRTLLGVDKTVKLTDGLNFTSTDSGVVKFTLKDKLNIIAGGTVTVGGEDG--IKLFK-AINTTDLAGSKVGILATGIDAGNKKISNVADGDISPTSGDVVTGRQLYALMQKGIRVYGDEVSPTKTQTTAPTASSTQG
XCZ58477.1,C,DGTITFTNIGGTGQDTIHDAINNVLTKLISLSAT--EEVVSGEAVYEALKPTTVSAEANNSPITVESGLTFKKGDTIDSTTNSAQTNLVKVSRDGFSVKNGKLAPTKLSIGAENAEHVEVTKSGIALKANLRTLLGVDKTVKLTDGLNFTSTDSGVVKFTLKDKLNIIAGGTVTVGGEDG--IKLFK-AINTTDLAGSKVGILATGIDAGNKKISNVADGDISPTSGDVVTGRQLYALMQKGIRVYGDEVSPTKTQTTAPTASSTQG
XCZ58476.1,C,DGTITFTNIGGTGQDTIHDAINNVLTKLISLSAT--EEVVSGEAVYEALKPTTVSAEANNSPITVESGLTFKKGDTIDSTTNSAQTNLVKVSRDGFSVKNGKLAPTKLSIGAENAEHVEVTKSGIALKANLRTLLGVDKTVKLTDGLNFTSTDSGVVKFTLKDKLNIIAGGTVTVGGEDG--IKLFK-AINTTDLAGSKVGILATGIDAGNKKISNVADGDISPTSGDVVTGRQLYALMQKGIRVYGDEVSPTKTQTTAPTASSTQG
XCZ58475.1,C,DGTITFTNIGGTGQDTIHDAINNVLTKLISLSAT--EEVVSGEAVYEALKPTTVSAEANNSPITVESGLTFKKGDTIDSTTNSAQTNLVKVSRDGFSVKNGKLAPTKLSIGAENAEHVEVTKSGIALKANLRTLLGVDKTVKLTDGLNFTSTDSGVVKFTLKDKLNIIAGGTVTVGGEDG--IKLFK-AINTTDLAGSKVGILATGIDAGNKKISNVADGDISPTSGDVVTGRQLYALMQKGIRVYGDEVSPTKTQTTAPTASSTQG
XCZ58474.1,C,DGTITFTNIGGTGQDTIHDAINNVLTKLISLSAT--EEVVSGEAVYEALKPTTVSAEANNSPITVESGLTFKKGDTIDSTTNSAQTNLVKVSRDGFSVKNGKLAPTKLSIGAENAEHVEVTKSGIALKANLRTLLGVDKTVKLTDGLNFTSTDSGVVKFTLKDKLNIIAGGTVTVGGEDG--IKLFK-AINTTDLAGSKVGILATGIDAGNKKISNVADGDISPTSGDVVTGRQLYALMQKGIRVYGDEVSPTKTQTTAPTASSTQG
XCZ58473.1,C,DGTITFTNIGGTGQDTIHDAINNVLTKLISLSAT--EEVVSGEAVYEALKPTTVSAEANNSPITVESGLTFKKGDTIDSTTNSAQTNLVKVSRDGFSVKNGKLAPTKLSIGAENAEHVEVTKSGIALKANLRTLLGVDKTVKLTDGLNFTSTDSGVVKFTLKDKLNIIAGGTVTVGGEDG--IKLFK-AINTTDLAGSKVGILATGIDAGNKKISNVADGDISPTSGDVVTGRQLYALMQKGIRVYGDEVSPTKTQTTAPTASSTQG
XCZ58472.1,C,DGTITFTNIGGTGQDTIHDAINNVLTKLISLSAT--EEVVSGEAVYEALKPTTVSAEANNSPITVESGLTFKKGDTIDSTTNSAQTNLVKVSRDGFSVKNGKLAPTKLSIGAENAEHVEVTKSGIALKANLRTLLGVDKTVKLTDGLNFTSTDSGVVKFTLKDKLNIIAGGTVTVGGEDG--IKLFK-AINTTDLAGSKVGILATGIDAGNKKISNVADGDISPTSGDVVTGRQLYALMQKGIRVYGDEVSPTKTQTTAPTASSTQG
XCZ58471.1,C,DGTITFTNIGGTGQDTIHDAINNVLTKLISLSAT--EEVVSGEAVYEALKPTTVSAEANNSPITVESGLTFKKGDTIDSTTNSAQTNLVKVSRDGFSVKNGKLAPTKLSIGAENAEHVEVTKSGIALKANLRTLLGVDKTVKLTDGLNFTSTDSGVVKFTLKDKLNIIAGGTVTVGGEDG--IKLFK-AINTTDLAGSKVGILATGIDAGNKKISNVADGDISPTSGDVVTGRQLYALMQKGIRVYGDEVSPTKTQTTAPTASSTQG
XCZ58470.1,C,DGTITFTNIGGTGQDTIHDAINNVLTKLISLSAT--EEVVSGEAVYEALKPTTVSAEANNSPITVESGLTFKKGDTIDSTTNSAQTNLVKVSRDGFSVKNGKLAPTKLSIGAENAEHVEVTKSGIALKANLRTLLGVDKTVKLTDGLNFTSTDSGVVKFTLKDKLNIIAGGTVTVGGEDG--IKLFK-AINTTDLAGSKVGILATGIDAGNKKISNVADGDISPTSGDVVTGRQLYALMQKGIRVYGDEVSPTKTQTTAPTASSTQG
XCZ58469.1,C,DGTITFTNIGGTGQDTIHDAINNVLTKLISLSAT--EEVVSGEAVYEALKPTTVSAEANNSPITVESGLTFKKGDTIDSTTNSAQTNLVKVSRDGFSVKNGKLAPTKLSIGAENAEHVEVTKSGIALKANLRTLLGVDKTVKLTDGLNFTSTDSGVVKFTLKDKLNIIAGGTVTVGGEDG--IKLFK-AINTTDLAGSKVGILATGIDAGNKKISNVADGDISPTSGDVVTGRQLYALMQKGIRVYGDEVSPTKTQTTAPTASSTQG
XCZ58468.1,C,DGTITFTNIGGTGQDTIHDAINNVLTKLISLSAT--EEVVSGEAVYEALKPTTVSAEANNSPITVESGLTFKKGDTIDSTTNSAQTNLVKVSRDGFSVKNGKLAPTKLSIGAENAEHVEVTKSGIALKANLRTLLGVDKTVKLTDGLNFTSTDSGVVKFTLKDKLNIIAGGTVTVGGEDG--IKLFK-AINTTDLAGSKVGILATGIDAGNKKISNVADGDISPTSGDVVTGRQLYALMQKGIRVYGDEVSPTKTQTTAPTASSTQG
XCZ58467.1,C,DGTITFTNIGGTGQDTIHDAINNVLTKLISLSAT-EEEVVSGEAVYDALKPT-VSAEANNSPITVEPGLTFKKGDTIDSTTNSAQTNLVKVSRDGFSVKNGKLASTKLSIGAENAEHVEVTKSGIALKADLRTLLGVDKTVKLTDGLNFTSTDNGVVKFTLKDKLNIIAGGTVTVGGEDG--IKLFK-AINTTDLAGSKVGILATGIDAGNKKISNVADGDISPTSGDVVTGRQLYALMQKGIRVYGDEVSPTKTQTTAPTASSTQG
XCZ58466.1,C,DGTITFTNIGGTGQDTIHDAINNVLTKLISLSAT-EEEVVSGEAVYDALKPT-VSAEANNSPITVEPGLTFKKGDTIDSTTNSAQTNLVKVSRDGFSVKNGKLASTKLSIGAENAEHVEVTKSGIALKADLRTLLGVDKTVKLTDGLNFTSTDNGVVKFTLKDKLNIIAGGTVTVGGEDG--IKLFK-AINTTDLAGSKVGILATGIDAGNKKISNVADGDISPTSGDVVTGRQLYALMQKGIRVYGDEVSPTKTQTTAPTASSTQG
XCZ58465.1,C,DGTITFTNIGGTGQDTIHDAINNVLTKLISLSAT--EEVVSGEAVYDALKPT-VSAEANNSPITVEPGLTFKKGDTIDSTTNSAQTNLVKVSRDGFSVKNGKLASTKLSIGAENAEHVEVTKSGIALKADLRTLLGVDKTVKLTDGLNFTSTDNGVVKFTLKDKLNIIAGGTVTVGGEDG--IKLFK-AINTTDLAGSKVGILATGIDAGNKKISNVADGDISPTSGDVVTGRQLYALMQKGIRVYGDEVSPTKTQTTAPTASSTQG
XCZ58464.1,C,DGTITFTNIGGTGQDTIHDAINNVLTKLISLSAT--EEVVSGEAVYDALKPT-VSAEANNSPITVEPGLTFKKGDTIDSTTNSAQTNLVKVSRDGFSVKNGKLASTKLSIGAENAEHVEVTKSGIALKADLRTLLGVDKTVKLTDGLNFTSTDNGVVKFTLKDKLNIIAGGTVTVGGEDG--IKLFK-AINTTDLAGSKVGILAT---AGNKKISNVADGDISPTSGDVVTGRQLYALMQKGIRVYGDEVSPTKTQTTAPTASSTQG
XCZ58463.1,C,DGTITFTNIGGTGQDTIHDAINNVLTKLISLSAT--EEVVSGEAVYDALKPT-VSAEANNSPITVEPGLTFKKGDTIDSTTNSAQTNLVKVSRDGFSVKNGKLASTKLSIGAENAEHVEVTKSGIALKADLRTLLGVDKTVKLTDGLNFTSTDNGVVKFTLKDKLNIIAGGTVTVGGEDG--IKLFK-AINTTDLAGSKVGILAT---AGNKKISNVADGDISPTSGDVVTGRQLYALMQKGIRVYGDEVSPTKTQTTAPTASSTQG
XCZ58462.1,C,DGTITFTNIGGTGQDTIHDAINNVLTKLISLSAT--EEVVSGEAVYEALKPTTVSAEANNSPITVESGLTFKKGDTIDSTTNSAQTNLVKVSRDGFSVKNGKLAPTKLSIGAENAEHVEVTKSGIALKANLRTLLGVDKTVKLTDGLNFTSTDSGVVKFTLKDKLNIIAGGTVTVGGEDG--IKLFK-AINTTDLAGSKVGILATGIDAGNKKISNVADGDISPTSGDVVTGRQLYALMQKGIRVYGDEVSPTKTQTTAPTASSTQG
XCZ58461.1,C,DGTITFTNIGGTGQDTIHDAINNVLTKLISLSAT--EEVVSGEAVYEALKPTTVSAEANNSPITVESGLTFKKGDTIDSTTNSAQTNLVKVSRDGFSVKNGKLAPTKLSIGAENAEHVEVTKSGIALKANLRTLLGVDKTVKLTDGLNFTSTDSGVVKFTLKDKLNIIAGGTVTVGGEDG--IKLFK-AINTTDLAGSKVGILATGIDAGNKKISNVADGDISPTSGDVVTGRQLYALMQKGIRVYGDEVSPTKTQTTAPTASSTQG
XCZ58460.1,C,DGTITFTNIGGTGQDTIHDAINNVLTKLISLSAT--EEVVSGEAVYEALKPTTVSAEANNSPITVESGLTFKKGDTIDSTTNSAQTNLVKVSRDGFSVKNGKLAPTKLSIGAENAEHVEVTKSGIALKANLRTLLGVDKTVKLTDGLNFTSTDSGVVKFTLKDKLNIIAGGTVTVGGEDG--IKLFK-AINTTDLAGSKVGILATGIDAGNKKISNVADGDISPTSGDVVTGRQLYALMQKGIRVYGDEVSPTKTQTTAPTASSTQG
XCZ58459.1,C,DGTITFTNIGGTGQDTIHDAINNVLTKLISLSAT--EEVVSGEAVYEALKPTTVSAEANNSPITVESGLTFKKGDTIDSTTNSAQTNLVKVSRDGFSVKNGKLAPTKLSIGAENAEHVEVTKSGIALKANLRTLLGVDKTVKLTDGLNFTSTDSGVVKFTLKDKLNIIAGGTVTVGGEDG--IKLFK-AINTTDLAGSKVGILATGIDAGNKKISNVADGDISPTSGDVVTGRQLYALMQKGIRVYGDEVSPTKTQTTAPTASSTQG
XCZ58458.1,C,DGTITFTNIGGTGQDTIHDAINNVLTKLISLSAT--EEVVSGKAVYEALKPTTVSAEANNSPITVESGLTFKKGDTIDSTTNSAQTNLVKVSRDGFSVKNGKLAPTKLSIGAENAEHVEVTKSGIALKANLRTLLGVDKTVKLTDGLNFTSTDSGVVKFTLKDKLNIIAGGTVTVGGEDG--IKLFK-AINTTDLAGSKVGILATGIDAGNKKISNVADGDISPTSGDVVTGRQLYALMQKGIRVYGDEVSPTKTQTTAPTASSTQG
XCZ58457.1,C,DGTITFTNIGGTGQDTIHDAINNVLTKLISLSAT-EEEVVSGEAVYDALKPT-VSAEANNSPITVEPGLTFKKGDTIDSTTNSAQTNLVKVSRDGFSVKNGKLASTKLSIGAENAEHVEVTKSGIALKADLRTLLGVDKTVKLTDGLNFTSTDNGVVKFTLKDKLNIIAGGTVTVGGEDG--IKLFK-AINTTDLAGSKVGILATGIDAGNKKISNVADGDISPTSGDVVTGRQLYALMQKGIRVYGDEVSPTKTQTTAPTASSTQG
XCZ58456.1,C,DGTITFTNIGGTGQDTIHDAINNVLTKLISLSAT-EEEVVSGEAVYDALKPT-VSAEANNSPITVEPGLTFKKGDTIDSTTNSAQTNLVKVSRDGFSVKNGKLASTKLSIGAENAEHVEVTKSGIALKADLRTLLGVDKTVKLTDGLNFTSTDNGVVKFTLKDKLNIIAGGTVTVGGEDG--IKLFK-AINTTDLAGSKVGILATGIDAGNKKISNVADGDISPTSGDVVTGRQLYALMQKGIRVYGDEVSPTKTQTTAPTASSTQG
XCZ58455.1,C,DGTITFTNIGGTGQDTIHDAINNVLTKLISLSAT--EEVVSGEAVYEALKPTTVSAEANNSPITVESGLTFKKGDTIDSTTNSAQTNLVKVSRDGFSVKNGKLAPTKLSIGAENAEHVEVTKSGIALKANLRTLLGVDKTVKLTDGLNFTSTDSGVVKFTLKDKLNIIAGGTVTVGGEDG--IKLFK-AINTTDLAGSKVGILATGIDAGNKKISNVADGDISPTSGDVVTGRQLYALMQKGIRVYGDEVSPTKTQTTAPTASSTQG
XCZ58454.1,C,DGTITFTNIGGTGQDTIHDAINNVLTKLISLSAT--EEVVSGEAVYEALKPTTVSAEANNSPITVESGLTFKKGDTIDSTTNSAQTNLVKVSRDGFSVKNGKLAPTKLSIGAENAEHVEVTKSGIALKANLRTLLGVDKTVKLTDGLNFTSTDSGVVKFTLKDKLNIIAGGTVTVGGEDG--IKLFK-AINTTDLAGSKVGILATGIDAGNKKISNVADGDISPTSGDVVTGRQLYALMQKGIRVYGDEVSPTKTQTTAPTASSTQG
XCZ58453.1,C,DGTITFTNIGGTGQDTIHDAINNVLTKLISLSAT-EEEVVSGEAVYDALKPT-VSAEANNSPITVEPGLTFKKGDTIDSTTNSAQTNLVKVSRDGFSVKNGKLASTKLSIGAENAEHVEVTKSGIALKADLRTLLGVDKTVKLTDGLNFTSTDNGVVKFTLKDKLNIIAGGTVTVGGEDG--IKLFK-AINTTDLAGSKVGILATGIDAGNKKISNVADGDISPTSGDVVTGRQLYALMQKGIRVYGDEVSPTKTQTTAPTASSTQG
XCZ58452.1,C,DGTITFTNIGGTGQDTIHDAINNVLTKLISLSAT-EEEVVSGEAVYDALKPT-VSAEANNSPITVEPGLTFKKGDTIDSTTNSAQTNLVKVSRDGFSVKNGKLASTKLSIGAENAEHVEVTKSGIALKADLRTLLGVDKTVKLTDGLNFTSTDNGVVKFTLKDKLNIIAGGTVTVGGEDG--IKLFK-AINTTDLAGSKVGILATGIDAGNKKISNVADGDISPTSGDVVTGRQLYALMQKGIRVYGDEVSPTKTQTTAPTASSTQG
XCZ58451.1,C,DGTITFTNIGGTGQDTIHDAINNVLTKLISLSAT-EEEVVSGEAVYDALKPT-VSAEANNSPITVEPGLTFKKGDTIDSTTNSAQTNLVKVSRDGFSVKNGKLASTKLSIGAENAEHVEVTKSGIALKADLRTLLGVDKTVKLTDGLNFTSTDNGVVKFTLKDKLNIIAGGTVTVGGEDG--IKLFK-AINTTDLAGSKVGILATGIDAGNKKISNVADGDISPTSGDVVTGRQLYALMQKGIRVYGDEVSPTKTQTTAPTASSTQG
XCZ58450.1,C,DGTITFTNIGGTGQDTIHDAINNVLTKLISLSAT-EEEVVSGEAVYDALKPT-VSAEANNSPITVEPGLTFKKGDTIDSTTNSAQTNLVKVSRDGFSVKNGKLASTKLSIGAENAEHVEVTKSGIALKADLRTLLGVDKTVKLTDGLNFTSTDNGVVKFTLKDKLNIIAGGTVTVGGEDG--IKLFK-AINTTDLAGSKVGILATGIDAGNKKISNVADGDISPTSGDVVTGRQLYALMQKGIRVYGDEVSPTKTQTTAPTASSTQG
XCZ58449.1,C,DGTITFTNIGGTGQDTIHDAINNVLTKLISLSAT-EEEVVSGEAVYDALKPT-VSAEANNSPITVEPGLTFKKGDTIDSTTNSAQTNLVKVSRDGFSVKNGKLASTKLSIGAENAEHVEVTKSGIALKADLRTLLGVDKTVKLTDGLNFTSTDNGVVKFTLKDKLNIIAGGTVTVGGEDG--IKLFK-AINTTDLAGSKVGILATGIDAGNKKISNVADGDISPTSGDVVTGRQLYALMQKGIRVYGDEVSPTKTQTTAPTASSTQG
XCZ58448.1,C,DGTITFTNIGGTGQDTIHDAINNVLTKLISLSAT-EEEVVSGEAVYDALKPT-VSAEANNSPITVEPGLTFKKGDTIDSTTNSAQTNLVKVSRDGFSVKNGKLASTKLSIGAENAEHVEVTKSGIALKADLRTLLGVDKTVKLTDGLNFTSTDNGVVKFTLKDKLNIIAGGTVTVGGEDG--IKLFK-AINTTDLAGSKVGILATGIDAGNKKISNVADGDISPTSGDVVTGRQLYALMQKGIRVYGDEVSPTKTQTTAPTASSTQG
XCZ58447.1,C,DGTITFTNIGGTGQDTIHDAINNVLTKLISLSAT-EEEVVSGEAVYDALKPT-VSAEANNSPITVEPGLTFKKGDTIDSTTNSAQTNLVKVSRDGFSVKNGKLASTKLSIGAENAEHVEVTKSGIALKADLRTLLGVDKTVKLTDGLNFTSTDNGVVKFTLKDKLNIIAGGTVTVGGEDG--IKLFK-AINTTDLAGSKVGILATGIDAGNKKISNVADGDISPTSGDVVTGRQLYALMQKGIRVYGDEVSPTKTQTTAPTASSTQG
XCZ58446.1,C,DGTITFTNIGGTGQDTIHDAINNVLTKLISLSAT-EEEVVSGEAVYDALKPT-VSAEANNSPITVEPGLTFKKGDTIDSTTNSAQTNLVKVSRDGFSVKNGKLASTKLSIGAENAEHVEVTKSGIALKADLRTLLGVDKTVKLTDGLNFTSTDNGVVKFTLKDKLNIIAGGTVTVGGEDG--IKLFK-AINTTDLAGSKVGILATGIDAGNKKISNVADGDISPTSGDVVTGRQLYALMQKGIRVYGDEVSPTKTQTTAPTASSTQG
XCZ58445.1,C,DGTITFTNIGGTGQDTIHDAINNVLTKLISLSAT-EEEVVSGEAVYDALKPT-VSAEANNSPITVEPGLTFKKGDTIDSTTNSAQTNLVKVSRDGFSVKNGKLASTKLSIGAENAEHVEVTKSGIALKADLRTLLGVDKTVKLTDGLNFTSTDNGVVKFTLKDKLNIIAGGTVTVGGEDG--IKLFK-AINTTDLAGSKVGILATGIDAGNKKISNVADGDISPTSGDVVTGRQLYALMQKGIRVYGDEVSPTKTQTTAPTASSTQG
XCZ58444.1,C,DGTITFTNIGGTGQDTIHDAINNVLTKLISLSAT-EEEVVSGEAVYDALKPT-VSAEANNSPITVEPGLTFKKGDTIDSTTNSAQTNLVKVSRDGFSVKNGKLASTKLSIGAENAEHVEVTKSGIALKADLRTLLGVDKTVKLTDGLNFTSTDSGVVKFTLKDKLNIIAGGTVTVGGEDG--IKLFK-AINTTDLAGSKVGILATGIDAGNKKISNVADGDISPTSGDVVTGRQLYALMQKGIRVYGDEVSPTKTQTTAPTASSTQG
XCZ58443.1,C,DGTITFTNIGGTGQDTIHDAINNVLTKLISLSAT--EEVVSGEAVYDALKPT-VSAEANNSPITVEPGLTFKKGDTIDSTTNSAQTNLVKVSRDGFSVKNGKLASTKLSIGAENAEHVEVTKSGIALKADLRTLLGVDKTVKLTDGLNFTSTDNGVVKFTLKDKLNIIAGGTVTVGGEDG--IKLFK-AINTTDLAGSKVGILATGIDAGNKKISNVADGDISPTSGDVVTGRQLYALMQKGIRVYGDEVSPTKTQTTAPTASSTQG
XCZ58442.1,A,DGTITFTNIGGTGQDTIHDAINNVLTKLISLSAT-EEEVVSGEAVYDALKPT-VSAEANNSPITVEPGLTFKKGDTIDSTTNSAQTNLVKVSRDGFSVKNGKLSLDILSMRCGNAEHVEVTKSGIALKADLRTLLGVDKTVKLTDGLNFTSTDNGVVKFTLKDKLNIIAGGTVTVGGEDG--IKLFK-AINTTDLAGSKVGILATGIDAGNKKISNVADGDISPTSGDVVTGRQLYALMQKGIRVYGDEVSPTKTQTTAPTASSTQG
XCZ58441.1,C,DGTITFTNIGGTGQDTIHDAINNVLTKLISLSAT-EEEVVSGEAVYDALKPT-VSAEANNSPITVEPGLTFKKGDTXDSTTXSAQXNLVKVSRDGFSVKNG---STKLSXRCGNAEHVEVTKSGIALKADLRTLLGVDKTVKLTDGLNFTSTDNGVVKFTLKDKLNIIAGGTVTVGGEDG--IKLFK-AINTTDLAGSKVGILATGIDAGNKKISNVADGDISPTSGDVVTGRQLYALMQKGIRVYGDEVSPTKTQTTAPTASSTQG
XCZ58440.1,C,DGTITFTNIGGTGQDTIHDAINNVLTKLISLSAT-EEEVVSGEAVYDALKPT-VSAEANNSPITVEPGLTFKKGDTIDSTTNSAQTNLVKVSRDGFSVKNGKLASTKLSIGAENAEHVEVTKSGIALKADLRTLLGVDKTVKLTDGLNFTSTDNGVVKFTLKDKLNIIAGGTVTVGGEDG--IKLFK-AINTTDLAGSKVGILATGIDAGNKKISNVADGDISPTSGDVVTGRQLYALMQKGIRVYGDEVSPTKTQTTAPTASSTQG
XCZ58439.1,C,DGTITFTNIGGTGQDTIHDAINNVLTKLISLSAT-EEEVVSGEAVYDALKPT-VSAEANNSPITVEPGLTFKKGDTIDSTTNSAQTNLVKVSRDGFSVKNGKLASTKLSIGAENAEHVEVTKSGIALKADLRTLLGVDKTVKLTDGLNFTSTDNGVVKFTLKDKLNIIAGGTVTVGGEDG--IKLFK-AINTTDLAGSKVGILATGIDAGNKKISNVADGDISPTSGDVVTGRQLYALMQKGIRVYGDEVSPTKTQTTAPTASSTQG
XCZ58438.1,C,DGTITFTNIGGTGQDTIHDAINNVLTKLISLSAT-EEEVVSGEAVYDALKPT-VSAEANNSPITVEPGLTFKKGDTIDSTTNSAQTNLVKVSRDGFSVKNGKLASTKLSIGAENAEHVEVTKSGIALKADLRTLLGVDKTVKLTDGLNFTSTDNGVVKFTLKDKLNIIAGGTVTVGGEDG--IKLFK-AINTTDLAGSKVGILATGIDAGNKKISNVADGDISPTSGDVVTGRQLYALMQKGIRVYGDEVSPTKTQTTAPTASSTQG
XCZ58437.1,C,DGTITFTNIGGTGQDTIHDAINNVLTKLISLSAT-EEEVVSGEAVYDALKPT-VSAEANNSPITVEPGLTFKKGDTIDSTTNSAQTNLVKVSRDGFSVKNGKLASTKLSIGAENAEHVEVTKSGIALKADLRTLLGVDKTVKLTDGLNFTSTDNGVVKFTLKDKLNIIAGGTVTVGGEDG--IKLFK-AINTTDLAGSKVGILATGIDAGNKKISNVADGDISPTSGDVVTGRQLYALMQKGIRVYGDEVSPTKTQTTAPTASSTQG
XCZ58436.1,C,DGTITFTNIGGTGQDTIHDAINNVLTKLISLSAT-EEEVVSGEAVYDALKPT-VSAEANNSPITVEPGLTFKKGDTIDSTTNSAQTNLVKVSRDGFSVKNGKLASTKLSIGAENAEHVEVTKSGIALKADLRTLLGVDKTVKLTDGLNFTSTDNGVVKFTLKDKLNIIAGGTVTVGGEDG--IKLFK-AINTTDLAGSKVGILATGIDAGNKKISNVADGDISPTSGDVVTGRQLYALMQKGIRVYGDEVSPTKTQTTAPTASSTQG
XCZ58435.1,C,DGTITFTNIGGTGQDTIHDAINNVLTKLISLSAT-EEEVVSGEAVYDALKPT-VSAEANNSPITVEPGLTFKKGDTIDSTTNSAQTNLVKVSRDGFSVKNGKLASTKLSIGAENAEHVEVTKSGIALKADLRTLLGVDKTVKLTDGLNFTSTDNGVVKFTLKDKLNIIAGGTVTVGGEDG--IKLFK-AINTTDLAGSKVGILATGIDAGNKKISNVADGDISPTSGDVVTGRQLYALMQKGIRVYGDEVSPTKTQTTAPTASSTQG
XCZ58434.1,C,DGTITFTNIGGTGQDTIHDAINNVLTKLISLSAT-EEEVVSGEAVYDALKPT-VSAEANNSPITVEPGLTFKKGDTIDSTTNSAQTNLVKVSRDGFSVKNGKLASTKLSIGAENAEHVEVTKSGIALKADLRTLLGVDKTVKLTDGLNFTSTDNGVVKFTLKDKLNIIAGGTVTVGGEDG--IKLFK-AINTTDLAGSKVGILATGIDAGNKKISNVADGDISPTSGDVVTGRQLYALMQKGIRVYGDEVSPTKTQTTAPTASSTQG
XCZ58433.1,C,DGTITFTNIGGTGQDTIHDAINNVLTKLISLSAT-EEEVVSGEAVYDALKPT-VSAEANNSPITVEPGLTFKKGDTIDSTTNSAQTNLVKVSRDGFSVKNGKLASTKLSIGAENAEHVEVTKSGIALKADLRTLLGVDKTVKLTDGLNFTSTDNGVVKFTLKDKLNIIAGGTVTVGGEDG--IKLFK-AINTTDLAGSKVGILATGIDAGNKKISNVADGDISPTSGDVVTGRQLYALMQKGIRVYGDEVSPTKTQTTAPTASSTQG
XCZ58432.1,C,DGTITFTNIGGTGQDTIHDAINNVLTKLISLSAT-EEEVVSGEAVYDALKPT-VSAEANNSPITVEPGLTFKKGDTIDSTTNSAQTNLVKVSRDGFSVKNGKLASTKLSIGAENAEHVEVTKSGIALKADLRTLLGVDKTVKLTDGLNFTSTDNGVVKFTLKDKLNIIAGGTVTVGGEDG--IKLFK-AINTTDLAGSKVGILATGIDAGNKKISNVADGDISPTSGDVVTGRQLYALMQKGIRVYGDEVSPTKTQTTAPTASSTQG
XCZ58431.1,C,DGTITFTNIGGTGQDTIHDAINNVLTKLISLSAT-EEEVVSGEAVYDALKPT-VSAEANNSPITVEPGLTFKKGDTIDSTTNSAQTNLVKVSRDGFSVKNGKLASTKLSIGAENAEHVEVTKSGIALKADLRTLLGVDKTVKLTDGLNFTSTDNGVVKFTLKDKLNIIAGGTVTVGGEDG--IKLFK-AINTTDLAGSKVGILATGIDAGNKKISNVADGDISPTSGDVVTGRQLYALMQKGIRVYGDEVSPTKTQTTAPTASSTQG
XCZ58430.1,C,DGTITFTNIGGTGQDTIHDAINNVLTKLISLSAT-EEEVVSGEAVYDALKPT-VSAEANNSPITVEPGLTFKKGDTIDSTTNSAQTNLVKVSRDGFSVKNGKLASTKLSIGAENAEHVEVTKSGIALKADLRTLLGVDKTVKLTDGLNFTSTDNGVVKFTLKDKLNIIAGGTVTVGGEDG--IKLFK-AINTTDLAGSKVGILATGIDAGNKKISNVADGDISPTSGDVVTGRQLYALMQKGIRVYGDEVSPTKTQTTAPTASSTQG
XCZ58429.1,C,DGTITFTNIGGTGQDTIHDAINNVLTKLISLSAT-EEEVVSGEAVYDALKPT-VSAEANNSPITVEPGLTFKKGDTIDSTTNSAQTNLVKVSRDGFSVKNGKLASTKLSIGAENAEHVEVTKSGIALKADLRTLLGVDKTVKLTDGLNFTSTDNGVVKFTLKDKLNIIAGGTVTVGGEDG--IKLFK-AINTTDLAGSKVGILATGIDAGNKKISNVADGDISPTSGDVVTGRQLYALMQKGIRVYGDEVSPTKTQTTAPTASSTQG
XCZ58428.1,C,DGTITFTNIGGTGQDTIHDAINNVLTKLISLSAT-EEEVVSGEAVYDALKPT-VSAEANNSPITVEPGLTFKKGDTIDSTTNSAQTNLVKVSRDGFSVKNGKLASTKLSIGAENAEHVEVTKSGIALKADLRTLLGVDKTVKLTDGLNFTSTDNGVVKFTLKDKLNIIAGGTVTVGGEDG--IKLFK-AINTTDLAGSKVGILATGIDAGNKKISNVADGDISPTSGDVVTGRQLYALMQKGIRVYGDEVSPTKTQTTAPTASSTQG
XCZ58427.1,C,DGTITFTNIGGTGQDTIHDAINNVLTKLISLSAT-EEEVVSGEAVYDALKPT-VSAEANNSPITVEPGLTFKKGDTIDSTTNSAQTNLVKVSRDGFSVKNGKLASTKLSIGAENAEHVEVTKSGIALKADLRTLLGVDKTVKLTDGLNFTSTDNGVVKFTLKDKLNIIAGGTVTVGGEDG--IKLFK-AINTTDLAGSKVGILATGIDAGNKKISNVADGDISPTSGDVVTGRQLYALMQKGIRVYGDEVSPTKTQTTAPTASSTQG
XCZ58426.1,C,DGTITFTNIGGTGQDTIHDAINNVLTKLISLSAT-EEEVVSGEAVYDALKPT-VSAEANNSPITVEPGLTFKKGDTIDSTTNSAQTNLVKVSRDGFSVKNGKLASTKLSIGAENAEHVEVTKSGIALKADLRTLLGVDKTVKLTDGLNFTSTDNGVVKFTLKDKLNIIAGGTVTVGGEDG--IKLFK-AINTTDLAGSKVGILATGIDAGNKKISNVADGDISPTSGDVVTGRQLYALMQKGIRVYGDEVSPTKTQTTAPTASSTQG
XCZ58425.1,C,DGTITFTNIGGTGQDTIHDAINNVLTKLISLSAT-EEEVVSGEAVYDALKPT-VSAEANNSPITVEPGLTFKKGDTIDSTTNSAQTNLVKVSRDGFSVKNGKLASTKLSIGAENAEHVEVTKSGIALKADLRTLLGVDKTVKLTDGLNFTSTDNGVVKFTLKDKLNIIAGGTVTVGGEDG--IKLFK-AINTTDLAGSKVGILATGIDAGNKKISNVADGDISPTSGDVVTGRQLYALMQKGIRVYGDEVSPTKTQTTAPTASSTQG
XCZ58424.1,C,DGTITFTNIGGTGQDTIHDAINNVLTKLISLSAT-EEEVVSGEAVYDALKPT-VSAEANNSPITVEPGLTFKKGDTIDSTTNSAQTNLVKVSRDGFSVKNGKLASTKLSIGAENAEHVEVTKSGIALKADLRTLLGVDKTVKLTDGLNFTSTDNGVVKFTLKDKLNIIAGGTVTVGGEDG--IKLFK-AINTTDLAGSKVGILATGIDAGNKKISNVADGDISPTSGDVVTGRQLYALMQKGIRVYGDEVSPTKTQTTAPTASSTQG
XCZ58423.1,C,DGTITFTNIGGTGQDTIHDAINNVLTKLISLSAT-EEEVVSGEAVYDALKPT-VSAEANNSPITVEPGLTFKKGDTIDSTTNSAQTNLVKVSRDGFSVKNGKLASTKLSIGAENAEHVEVTKSGIALKADLRTLLGVDKTVKLTDGLNFTSTDNGVVKFTLKDKLNIIAGGTVTVGGEDG--IKLFK-AINTTDLAGSKVGILATGIDAGNKKISNVADGDISPTSGDVVTGRQLYALMQKGIRVYGDEVSPTKTQTTAPTASSTQG
XCZ58422.1,C,DGTITFTNIGGTGQDTIHDAINNVLTKLISLSAT-EEEVVSGEAVYDALKPT-VSAEANNSPITVEPGLTFKKGDTIDSTTNSAQTNLVKVSRDGFSVKNGKLASTYISIGAENAEHVEVTKSGIALKADLRTLLGVDKTVKLTDGLNFTSTDNGVVKFTLKDKLNIIAGGTVTVGGEDG--IKLFK-AINTTDLAGSKVGILATGIDAGNKKISNVADGDISPTSGDVVTGRQLYALMQKGIRVYGDEVSPTKTQTTAPTASSTQG
XCZ58421.1,B,DGTITFTNIGGTGQDTIHDAINNVLTKLISLSAT-EEEVVSGEPVYEPLKPT-VSAEANNSPITVEPGLTFKKGDTIDSTTNSAQTNLVKVSRDGFSVKNGKLAPTKLSIGAENAEHVEVTKSGIALKADLRTLLGVDKTVKLTDGLNFTSTDSGVVKFTLKDRLNIIAGGTVTVGGEDG--IKLFK-AINTTDLAGSKVGILATGIDAGNKKISNVADGDISPTSGDVVTGRQLYALMQKGIRVYGDEVSPTKTQTTAPTASSTQG
XCZ58420.1,B,DGTITFTNIGGTGQDTIHDAINNVLTKLISLSAT-EEEVVSGEPVYEPLKPT-VSAEANNSPITVEPGLTFKKGDTIDSTTNSAQTNLVKVSRDGFSVKNGKLAPTKLSIGAENAEHVEVTKSGIALKADLRTLLGVDKTVKLTDGLNFTSTDSGVVKFTLKDRLNIIAGGTVTVGGEDG--IKLFK-AINTTDLAGSKVGILATGIDAGNKKISNVADGDISPTSGDVVTGRQLYALMQKGIRVYGDEVSPTKTQTTAPTASSTQG
XCZ58419.1,B,DGTITFTNIGGTGQDTIHDAINNVLTKLISLSAT-EEEVVSGEPVYEPLKPT-VSAEANNSPITVEPGLTFKKGDTIDSTTNSAQTNLVKVSRDGFSVKNGKLAPTKLSIGAENAEHVEVTKSGIALKADLRTLLGVDKTVKLTEGLNFTSTDSGVVKFTLKDRLNIIAGGTVTVGGEDG--IKLFK-AINTTDLAGLKVGILAT--DAGNKKISNVADGDISPTSGDVVTGRQLYALMQKGIRVYGDEVSPTKTQTTAPTASSTQG
XCZ58418.1,A,DGTITFTNIGGTGQDTIHDAINNVLTKLISLSAT-EEEVVSGEAVYDALKPT-VSAEANNSPITVEPGLTFKKGDTIDSTTNSAQTNLVKVSRDGFSVKNGKLAPTKLSIGAENAEHVEVTKSGIALKADLRTLLGVDKTVKLTEGLNFTSTDSGVVKFTLKDRLNIIAGGTVTVGGEDG--IKLFK-AINTTDLAGSKVGILATGIDAGNKKISNVADGDISPTSGDVVTGRQLYALMQKGIRVYGDEVSPTKTQTTAPTASSTQG
XCZ58417.1,B,DGTITFTNIGGTGQDTIHDAINNVLTKLISLSAT-EEEVVSGEPVYEPLKPT-VSAEANNSPITVEPGLTFKKGDTIDSTTNSAQTNLVKVSRDGFSVKNGKLAPTKLSIGAENAEHVEVTKSGIALKADLRTLLGVDKTVKLTEGLNFTSTDSGVVKFTLKDRLNIIAGGTVTVGGEDG--IKLFK-AINTTDLAGLKVGILAT--DAGNKKISNVADGDISPTSGDVVTGRQLYALMQKGIRVYGDEVSPTKTQTTAPTASSTQG
XCZ58416.1,B,DGTITFTNIGGTGQDTIHDAINNVLTKLISLSAT-EEEVVSGEPVYEPLKPT-VSAEANNSPITVEPGLTFKKGDTIDSTTNSAQTNLVKVSRDGFSVKNGKLAPTKLSIGAENAEHVEVTKSGIALKADLRTLLGVDKTVKLTEGLNFTSTDSGVVKFTLKDRLNIIAGGTVTVGGEDG--IKLFK-AINTTDLAGLKVGILAT--DAGNKKISNVADGDISPTSGDVVTGRQLYALMQKGIRVYGDEVSPTKTQTTAPTASSTQG
XCZ58415.1,B,DGTITFTNIGGTGQDTIHDAINNVLTKLISLSAT-EEEVVSGEPVYEPLKPT-VSAEANNSPITVEPGLTFKKGDTIDSTTNSAQTNLVKVSRDGFSVKNGKLAPTKLSIGAENAEHVEVTKSGIALKADLRTLLGVDKTVKLTEGLNFTSTDSGVVKFTLKDRLNIIAGGTVTVGGEDG--IKLFK-AINTTDLAGLKVGILAT--DAGNKKISNVADGDISPTSGDVVTGRQLYALMQKGIRVYGDEVSPTKTQTTAPTASSTQG
XCZ58414.1,C,DGTITFTNIGGTGQDTIHDAINNVLTKLISLSAT-EEEVVSGEAVYEALKPT-VSAEANNSPITVEPGLTFKKGDTIDSTTNSAQTNLVKVSRDGFSVKNGKLASTKLSIGAENAEHVEVTKSGIALKADLRTLLGVDKTVKLTDGLNFTSTDNGVVKFTLKDKLNIIAGGTVTVGGEDG--IKLFK-AINTTDLAGSKVGILATGIDAGNKKISNVADGDISPTSGDVVTGRQLYALMQKGIRVYGDEVSPTKTQTTAPTASSTQG
XCZ58413.1,A,DGTITFTNIGGTGQDTIHDAINNVLTKLISLSAT-EEEVVSGEAVYEALKPT-VSAEANNSPITVEPGLTFKKGDTIDSTTNSAQTNLVKVSRDGFSVKNGKLAPTKLSIGAENAEHVEVTKSGIALKADLRTLLGVDKTVKLTDGLNFTSTDSGVVKFTLKDRLNIIAGGTVTVGGEDG--IKLFK-AINTTDLAGSKVGILAT--DAGNKKISNVADGDISPTSGDVVTGRQLYALMQKGIRVYGDEVSPTKTQTTAPTASSTQG
XCZ58412.1,A,DGTITFTNIGGTGQDTIHDAINNVLTKLISLSAT-EEEVVSGEAVYEALKPT-VSAEANNSPITVEPGLTFKKGDTIDSTTNSAQTNLVKVSRDGFSVKNGKLAPTKLSIGAENAEHVEVTKSGIALKADLRTLLGVDKTVKLTDGLNFTSTDSGVVKFTLKDRLNIIAGGTVTVGGEDG--IKLFK-AINTTDLAGSKVGILAT--DAGNKKISNVADGDISPTSGDVVTGRQLYALMQKGIRVYGDEVSPTKTQTTAPTASSTQG
XCZ58411.1,A,DGTITFTDIGGTGQDTIHDAINNVLIKY--------------------LKPT-----GDDSPITVESGLTFKKGDTIDSTTNSAQTNLVKVSRDGFSVKNGKLAPTKLSIGAENAEHVEVTKSGIALKANLRTLLGVDKTVKLTGGLNFTSTDSGVVKFTLKDQLNIIAGGTVTVGGEDG--IKLFK-AINTTDLAGSKVGILGTGIDAGNKKISNVADGDISPTSGDVVTGRQLYALMQKGIRVYGDKVSPTKTQTTAPTASSTQG
XCZ58410.1,C,DGTITFTNIGGTGQDTIHDAINNVLTKLISLSAT-EEEVVSGEAVYEALKPT-VSAEANNSPITVEPGLTFKKGDTIDSTTNSAQTNLVKVSRDGFSVKNGKLASTKLSIGAENAEHVEVTKSGIALKADLRTLLGVDKTVKLTDGLNFTSTDNGVVKFTLKDKLNIIAGGTVTVGGEDG--IKLFK-AINTTDLAGSKVGILATGIDAGNKKISNVADGDISPTSGDVVTGRQLYALMQKGIRVYGDEVSPTKTQTTAPTASSTQG
XCZ58409.1,C,DGTITFTNIGGTGKDTIHDAINNVLTKLISLSAT-EEEVVSGEAVYEALKPT-VSAEANNSPITVEPGLTFKKGDTIDSTTNSAQTNLVKVSRDGFSVKNGKLASTKLSIGAENAEHVEVTKSGIALKADLRTLLGVDKTVKLTDGLNFTSTDNGVVKFTLKDKLNIIAGGTVTVGGEDG--IKLFK-AINTTDLAGSKVGILATGIDAGNKKISNVADGDISPTSGDVVTGRQLYALMQKGIRVYGDEVSPTKTQTTAPTASSTQG
XCZ58408.1,B,DGTITFTNIGGTGQDTIHDAINNVLTKLISLSAT-EEEVVSGEAVYEALKPT-VSAEANNSPITVEPGLTFKKGDTIDSTTNSAQTNLVKVSRDGFSVKNGKLAPTKLSIGAENAEHVEVTKSGIALKADLRTLLGVDKTVKLTDGLNFTSTDSGVVKFTLKDRLNIIAGGTVTVGGEDG--IKLFK-AINTTDLAGLKVGILAT--DAGNKKISNVADGDISPTSGDVVTGRQLYALMQKGIRVYGDEVSPTKTQTTAPTASSTQG
XCZ58407.1,B,DGTITFTNIGGTGQDTIHDAINDVLTKLISLSAT-EEEVVSGEAVYEALKPT-VSAEANNSPITVEPGLTFKKGDTIDSTTNSAQTNLVKVSRDGFSVKNGKLAPTKLSIGAENAEHVEVTKSGIALKADLRTLLGVDKTVKLTDGLNFTSTDSGVVKFTLKDRLNIIAGGTVTVGGEDG--IKLFK-AINTTDLAELKVGILAT--DAGNKKISNVADGDISPTSGDVVTGRQLYALMQKGIRVYGDEVSPTKTQTTAPTASSTQG
XCZ58406.1,C,DGTITFTNIGGTGKDTIHDAINNVLTKLISLSAT-EEEVVSGEAVYEALKPT-VSAEANNSPITVEPGLTFKKGDTIDSTTNSAQTNLVKVSRDGFSVKNGKLASTKLSIGAENAEHVEVTKSGIALKADLRTLLGVDKTVKLTDGLNFTSTDNGVVKFTLKDKLNIIAGGTVTVGGEDG--IKLFK-AINTTDLAGSKVGILATGIDAGNKKISNVADGDISPTSGDVVTGRQLYALMQKGIRVYGDEVSPTKTQTTAPTASSTQG
XCZ58405.1,C,DGTITFTNIGGTGQDTIHDAINNVLTKLISLSAT-EEEVVSGEAVYEALKPT-VSAEANNSPITVETGLTFKKGDTIDSTTNSAQTNLVKVSRDGFSVKNGKLASTKLSIGAENAEHVEVTKSGIALKADLRTLLGVDKTVKLTDGLNFTSTDNGVVKFTLKDKLNIIAGGTVTVGGEDG--IKLFK-AINTTDLAGSKVGILATGIDAGNKKISNVADGDISPTSGDVVTGRQLYALMQKGIRVYGDEVSPTKTQTTAPTASSTQG
XCZ58404.1,C,DGTITFTNIGGTGQDTIHDAINNVLTKLISLSAT-EEEVVSGEAVYEALKPT-VSAEANNSPITVEPGLTFKKGDTIDSTTNSAQTNLVKVSRDGFSVKNGKLASTKLSIGAENAEHVEVTKSGIALKADLRTLLGVDKTVKLTDGLNFTSTDNGVVKFTLKDKLNIIAGGTVTVGGEDG--IKLFK-AINTTDLAGSKVGILATGIDAGNKKISNVADGDISPTSGDVVTGRQLYALMQKGIRVYGDEVSPTKTQTTAPTASSTQG
XCZ58403.1,C,DGTITFTNIGGTGQDTIHDAINNVLTKLISLSAT-EEEVVSGEAVYEALKPT-VSAEANNSPITVEPGLTFKKGDTIDSTTNSAQTNLVKVSRDGFSVKNGKLASTKLSIGAENAEHVEVTKSGIALKADLRTLLGVDKTVKLTDGLNFTSTDNGVVKFTLKDKLNIIAGGTVTVGGEDG--IKLFK-AINTTDLAGSKVGILATGIDAGNKKISNVADGDISPTSGDVVTGRQLYALMQKGIRVYGDEVSPTKTQTTAPTASSTQG
XCZ58402.1,C,DGTITFTNIGGTGQDTIHDAINNVLTKLISLSAT--EEVVSGEAVYEALKPTTVSAEANNSPITVESGLTFKKGDTIDSTTNSAQTNLVKVSRDGFSVKNGKLAPTKLSIGAENAEHVEVTKSGIALKANLRTLLGVDKTVKLTDGLNFTSTDSGVVKFTLKDKLNIIAGGTVTVGGEDG--IKLFK-AINTTDLAGSKVGILATGIDAGNKKISNVADGDISPTSGDVVTGRQLYALMQKGIRVYGDEVSPTKTQTTAPTASSTQG
XCZ58401.1,C,DGTITFTNIGGTGQDTIHDAINNVLTKLISLSAT--EEVVSGEAVYEALKPTTVSAEANNSPITVESGLTFKKGDTIDSTTNSAQTNLVKVSRDGFSVKNGKLAPTKLSIGAENAEHVEVTKSGIALKANLRTLLGVDKTVKLTDGLNFTSTDSGVVKFTLKDKLNIIAGGTVTVGGEDG--IKLFK-AINTTDLAGSKVGILATGIDAGNKKISNVADGDISPTSGDVVTGRQLYALMQKGIRVYGDEVSPTKTQTTAPTASSTQG
QLF79729.1,C,DGTITFTNIGGTGQDTIHDAINNVLTKLISLSAT--EEVVSGEAVYEALKPTTVSAEANNSPITVESGLTFKKGDTIDSTTNSAQTNLVKVSRDGFSVKNGKLAPTKLSIGAENAEHVEVTKSGIALKANLRTLLGVDKTVKLTDGLNFTSTDSGVVKFTLKDKLNIIAGGTVTVGGEDG--IKLFK-AINTTDLAGSKVGILATGIDAGNKKISNVADGDISPTSGDVVTGRQLYALMQKGIRVYGDEVSPTKTQTTAPTASSTQG
QLF79728.1,B,DGTITFTDIGSTGQNTIHDAINNVLIKY--------------------LKPT-----GNDSPITVESGLTFKKGDTIDST---AQTNLVKVSRDGFSVKNGKLAPTKLSIGAENAEHVEVTKSGIALKADLRTLLGVDKTVKLTDGLNFTSTDSGVVKFTLKDRLNIIAGGTVTVGGEDG--IKLFK-AINTTDLAGSKVGILATGIDAGNKKISNVADGDISPTSGDVVTGRQLYALMQKGIRVYGDEVSPTKTQTTAPTASSTQG
QLF79727.1,B,DGTITFTDIGSTGQNTIHDAINNVLIKY--------------------LKPT-----GNDSPITVESGLTFKKGDTIDST---AQTNLVKVSRDGFSVKNGKLAPTKLSIGAENAEHVEVTKSGIALKADLRTLLGVDKTVKLTDGLNFTSTDSGVVKFTLKDRLNIIAGGTVTVGGEDG--IKLFK-AINTTDLAGSKVGILATGIDAGNKKISNVADGDISPTSGDVVTGRQLYALMQKGIRVYGDEVSPTKTQTTAPTASSTQG
QLF79726.1,B,DGTITFTDIGSTGQNTIHDAINNVLIKY--------------------LKPT-----GNDSPITVESGLTFKKGDTIDST---AQTNLVKVSRDGFSVKNGKLAPTKLSIGAENAEHVEVTKSGIALKADLRTLLGVDKTVKLTDGLNFTSTDNGVVKFTLKDKLNIIAGGTVTVGGEDG--IKLFK-AINTTDLAGSKVGILATGIDAGNKKISNVADGDISPTSGDVVTGRQLYALMQKGIRVYGDEVSPTKTQTTAPTASSTQG
QLF79725.1,C,DGTITFTNIGGTGQDTIHDAINNVLTKLISLSAT--EEVVSGEAVYEALKPTTVSAEANNSPITVESGLTFKKGDTIDSTTNSAQTNLVKVSRDGFSVKNGKLAPTKLSIGAENAEHVEVTKSGIALKADLRTLLGVDKTVKLTDGLNFTSTDNGVVKFTLKDKLNIIAGGTVTVGGEDG--IKLFK-AINTTDLAGSKVGILATGIDAGNKKISNVADGDISPTSGDVVTGRQLYALMQKGIRVYGDEVSPTKTQTTAPTASSTQG
WPJ73061.1,A,DGTITFTNIGGTGQATIHDAINNVLTKGIY------------------LKPT-----GNNN-----LGAT---GITADSVTFS---------------KGGKL-------------------SGV---SDIFT-IGLDKT--FTVGVDFTDTDK---------KLNF-----------DGFTIKVFKLSLNTTSLA-----IFATGIDAGNKKISNVADGDISPTSGDVVTGRQLYALMQKGIRVYGDEVSPTKTQTTAPTASSTQ-
WPJ73060.1,A,DGTITFTNIGGTGQATIHDAINNVLTKGIY------------------LKPT-----GNNN-----LGAT---GITADSVTFS---------------KGGKL-------------------SGV---SDIFT-IGLDKT--FTVGVDFTDTDK---------KLNF-----------DGFTIKVFKLSLNTTSLA-----IFATGIDAGNKKISNVADGDISPTSGDVVTGRQLYALMQKGIRVYGDEVSPTKTQTTAPTASSTQ-
WPJ73059.1,A,DGTITFTNIGGTGQATIHDAINNVLTKGIY------------------LKPT-----GNNN-----LGAT---GITADSVTFS---------------KGGKL-------------------SGV---SDIFT-IGLDKT--FTVGVDFTDTDK---------KLNF-----------DGFTIKVFKLSLNTTSLA-----IFATGIDAGNKKISNVADGDISPTSGDVVTGRQLYALMQKGIRVYGDEVSPTKTQTTAPTASSTQ-
WPJ73058.1,A,DGTITFTNIGGTGQATIHDAINNVLTKGIY------------------LKPT-----GNNN-----LGAT---GITADSVTFS---------------KGGKL-------------------SGV---SDIFT-IGLDKT--FTVGVDFTDTDK---------KLNF-----------DGFTIKVFKLSLNTTSLA-----IFATGIDAGNKKISNVADGDISPTSGDVVTGRQLYALMQKGIRVYGDEVSPTKTQTTAPTASSTQ-
WPJ73057.1,A,DGTITFTNIGGTGQATIHDAINNVLTKGIY------------------LKPT-----GNNN-----LGAT---GITADSVTFS---------------KGGKL-------------------SGV---SDIFT-IGLDKT--FTVGVDFTDTDK---------KLNF-----------DGFTIKVFKLSLNTTSLA-----IFATGIDAGNKKISNVADGDISPTSGDVVTGRQLYALMQKGIRVYGDEVSPTKTQTTAPTASSTQ-
WPJ73056.1,A,DGTITFTNIGGTGQATIHDAINNVLTKGIY------------------LKPT-----GNNN-----LGAT---GITADSVTFS---------------KGGKL-------------------SGV---SDIFT-IGLDKT--FTVGVDFTDTDK---------KLNF-----------DGFTIKVFKLSLNTTSLA-----IFATGIDAGNKKISNVADGDISPTSGDVVTGRQLYALMQKGIRVYGDEVSPTKTQTTAPTASSTQ-
WPJ73055.1,A,DGTITFTNIGGTGQATIHDAINNVLTKGIY------------------LKPT-----GNNN-----LGAT---GITADSVTFS---------------KGGKL-------------------SGV---SDIFT-IGLDKT--FTVGVDFTDTDK---------KLNF-----------DGFTIKVFKLSLNTTSLA-----IFATGIDAGNKKISNVADGDISPTSGDVVTGRQLYALMQKGIRVYGDEVSPTKTQTTAPTASSTQ-
WPJ73054.1,A,DGTITFTNIGGTGQATIHDAINNVLTKGIY------------------LKPT-----GNNN-----LGAT---GITADSVTFS---------------KGGKL-------------------SGV---SDIFT-IGLDKT--FTVGVDFTDTDK---------KLNF-----------DGFTIKVFKLSLNTTSLA-----IFATGIDAGNKKISNVADGDISPTSGDVVTGRQLYALMQKGIRVYGDEVSPTKTQTTAPTASSTQ-
WPJ73053.1,A,DGTITFTNIGGTGQATIHDAINNVLTKGIY------------------LKPT-----GNNN-----LGAT---GITADSVTFS---------------KGGKL-------------------SGV---SDIFT-IGLDKT--FTVGVYFTDTDK---------KLNF-----------DGFTIKVFKLSLNTTSLA-----IFATGIDAGNKKISNVADGDISPTSGDVVTGRQLYALMQKGIRVYGDEVSPTKTQTTAPTASSTQ-
WPJ73052.1,A,DGTITFTNIGGTGQATIHDAINNVLTKGIY------------------LKPT-----GNNN-----LGAT---GITADSVTFS---------------KGGKL-------------------SGV---SDIFT-IGLDKT--FTVGVYFTDTDK---------KLNF-----------DGFTIKVFKLSLNTTSLA-----IFATGIDAGNKKISNVADGDISPTSGDVVTGRQLYALMQKGIRVYGDEVSPTKTQTTAPTASSTQ-
WPJ73051.1,C,DGTITFTNIGGTGQDTIHDAINNVLTKLISLSAT--EEVVSGEAVYEALKPTTVSAEANNSPITVESGLTFKKGDTIDSTTNSAQTNLVKVSRDGFSVKNGKLAPTKLSIGAENAEHVEVTKSGIALKANLRTLLGVDKTVKLTDGLNFTSTDSGVVKFTLKDKLNIIAGGTVTVGGEDG--IKLFK-AINTTDLAGSKVGILATGIDAGNKKISNVADGDISPT------------------------------------------
WPJ73050.1,C,DGTITFTNIGGTGQDTIHDAINNVLTKLISLSAT--EEVVSGEAVYEALKPTTVSAEANNSPITVESGLTFKKGDTIDSTTNSAQTNLVKVSRDGFSVKNGKLAPTKLSIGAENAEHVEVTKSGIALKANLRTLLGVDKTVKLTDGLNFTSTDSGVVKFTLKDKLNIIAGGTVTVGGEDG--IKLFK-AINTTDLAGSKVGILATGIDAGNKKISNVADGDISPT------------------------------------------
WPJ73049.1,C,DGTITFTNIGGTGQDTIHDAINNVLTKLISLSAT--EEVVSGEAVYEALKPTTVSAEANNSPITVESGLTFKKGDTIDSTTNSAQTNLVKVSRDGFSVKNGKLAPTKLSIGAENAEHVEVTKSGIALKANLRTLLGVDKTVKLTDGLNFTSTDSGVVKFTLKDKLNIIAGGTVTVGGEDG--IKLFK-AINTTDLAGSKVGILATGIDAGNKKISNVADGDISPT------------------------------------------
WPJ73048.1,A,DGTITFTNIGGTGQATIHDAINNVLTKGIY------------------LKPT-----GNNN-----LGAT---GITADSVTFS---------------KGGKL-------------------SGV---SDIFT-IGLDKT--FTVGVYFTDTDK---------KLNF-----------DGFTIKVFKLSLNTTSLA-----IFATGIDAGNKKISNVADGDISPTSGDVVTGRQLYALMQKGIRVYGDEVSPTKTQTTAPTASSTQ-
WPJ73047.1,C,DGTITFTNIGGTGQDTIHDAINNVLTKLISLSAT--EEVVSGEAVYEALKPTTVSAEANNSPITVESGLTFKKGDTIDSTTNSAQTNLVKVSRDGFSVKNGKLAPTKLSIGAENAEHVEVTKSGIALKANLRTLLGVDKTVKLTDGLNFTSTDSGVVKFTLKDKLNIIAGGTVTVGGEDG--IKLFK-AINTTDLAGSKVGILATGIDAGNKKISNVADGDISPT------------------------------------------
WPJ73046.1,C,DGTITFTNIGGTGQDTIHDAINNVLTKLISLSAT--EEVVSGEAVYEALKPTTVSAEANNSPITVESGLTFKKGDTIDSTTNSAQTNLVKVSRDGFSVKNGKLAPTKLSIGAENAEHVEVTKSGIALKANLRTLLGVDKTVKLTDGLNFTSTDSGVVKFTLKDKLNIIAGGTVTVGGEDG--IKLFK-AINTTDLAGSKVGILATGIDAGNKKISNVADGDISPT------------------------------------------
WPJ73045.1,C,DGTITFTNIGGTGQDTIHDAINNVLTKLISLSAT--EEVVSGEAVYEALKPTTVSAEANNSPITVESGLTFKKGDTIDSTTNSAQTNLVKVSRDGFSVKNGKLAPTKLSIGAENAEHVEVTKSGIALKANLRTLLGVDKTVKLTDGLNFTSTDSGVVKFTLKDKLNIIAGGTVTVGGEDG--IKLFK-AINTTDLAGSKVGILATGIDAGNKKISNVADGDISPT------------------------------------------
WPJ73044.1,A,DGTITFTNIGGTGQATIHDAINNVLTKGIY------------------LKPT-----GNNN-----LGAT---GITADSVTFS---------------KGGKL-------------------SGV---SDIFT-IGLDKT--FTVGVDFTDTDK---------KLNF-----------DGFTIKVFKLSLNTTSLA-----IFATGIDAGNKKISNVADGDISPTSGDVVTGRQLYALMQKGIRVYGDEVSPTKTQTTAPTASSTQ-
WPJ73043.1,A,DGTITFTNIGGTGQATIHDAINNVLTKGIY------------------LKPT-----GNNN-----LGAT---GITADSVTFS---------------KGGKL-------------------SGV---SDIFT-IGLDKT--FTVGVDFTDTDK---------KLNF-----------DGFTIKVFKLSLNTTSLA-----IFATGIDAGNKKISNVADGDISPTSGDVVTGRQLYALMQKGIRVYGDEVSPTKTQTTAPTASSTQ-
WPJ73042.1,A,DGTITFTNIGGTGQATIHDAINNVLTKGIY------------------LKPT-----GNNN-----LGAT---GITADSVTFS---------------KGGKL-------------------SGV---SDIFT-IGLDKT--FTVGVDFTDTDK---------KLNF-----------DGFTIKVFKLSLNTTSLA-----IFATGIDAGNKKISNVADGDISPTSGDVVTGRQLYALMQKGIRVYGDEVSPTKTQTTAPTASSTQ-
WPJ73041.1,C,DGTITFTNIGGTGQDTIHDAINNVLTKLISLSAT--EEVVSGEAVYEALKPTTVSAEANNSPITVESGLTFKKGDTIDSTTNSAQTNLVKVSRDGFSVKNGKLAPTKLSIGAENAEHVEVTKSGIALKANLRTLLGVDKTVKLTDGLNFTSTDSGVVKFTLKDKLNIIAGGTVTVGGEDG--IKLFK-AINTTDLAGSKVGILATGIDAGNKKISNVADGDISPT------------------------------------------
WPJ73040.1,C,DGTITFTNIGGTGQDTIHDAINNVLTKLISLSATEEEEVVSGEAVYDALKPT-VSAEANNSPITVEPGLTFKKGDTIDSTTNSAQTNLVKVSRDGFSVKNGKLASTKLSIGAENAEHVEVTKSGIALKADLRTLLGVDKTVKLTDGLNFTSTDNGVVKFTLKDKLNIIAGGTVTVGGEDG--IKLFK-AINTTDLAGSKVGILATGIDAGNKKISNVADGDISPTSGDVVTGRQLYALMQKGIRVYGDEVSPTKTQTTAPTASSTQG
WPJ73039.1,C,DGTITFTNIGGTGQDTIHDAINNVLTKLISLSAT-EEEVVSGEAVYDALKPT-VSAEANNSPITVEPGLTFKKGDTIDSTTNSAQTNLVKVSRDGFSVKNGKLASTKLSIGAENAEHVEVTKSGIALKADLRTLLGVDKTVKLTDGLNFTSTDNGVVKFTLKDKLNIIAGGTVTVGGEDG--IKLFK-AINTTDLAGSKVGILATGIDAGNKKISNVADGDISPTSGDVVTGRQLYALMQKGIRVYGDEVSPTKTQTTAPTASSTQG
WPJ73038.1,B,DGTITFTDIGSTGQNTIHDAINNVLIKY--------------------LKPT-----GNDSPITVESGLTFKKGDTIDST---AQTNLVKVSRDGFSVKNGKLAPTKLSIGAENAEHVEVTKSGIALKADLRTLLGVDKTVKLTDGLNFTSTDNGVVKFTLKDKLNIIAGGTVTVGGEDG--IKLFK-AINTTDLAGSKVGILATGIDAGNKKISNVADGDISPTSGDVVTGRQLYALMQKGIRVYGDEVSPTKTQTTAPTASSTQG
WPJ73037.1,B,DGTITFTDIGSTGQNTIHDAINNVLIKY--------------------LKPT-----GNDSPITVESGLTFKKGDTIDST---AQTNLVKVSRDGFSVKNGKLAPTKLSIGAENAEHVEVTKSGIALKADLRTLLGVDKTVKLTDGLNFTSTDNGVVKFTLKDKLNIIAGGTVTVGGEDG--IKLFK-AINTTDLAGSKVGILATGIDAGNKKISNVADGDISPTSGDVVTGRQLYALMQKGIRVYGDEVSPTKTQTTAPTASSTQG
WPJ73036.1,B,DGTITFTDIGSTGQNTIHDAINNVLIKY--------------------LKPT-----GNDSPITVESGLTFKKGDTIDST---AQTNLVKVSRDGFSVKNGKLAPTKLSIGAENAEHVEVTKSGIALKADLRTLLGVDKTVKLTDGLNFTSTDNGVVKFTLKDKLNIIAGGTVTVGGEDG--IKLFK-AINTTDLAGSKVGILATGIDAGNKKISNVADGDISPTSGDVVTGRQLYALMQKGIRVYGDEVSPTKTQTTAPTASSTQG
WPJ73035.1,B,DGTITFTDIGSTGQNTIHDAINNVLIKY--------------------LKPT-----GNDSPITVESGLTFKKGDTIDST---AQTNLVKVSRDGFSVKNGKLAPTKLSIGAENAEHVEVTKSGIALKADLRTLLGVDKTVKLTDGLNFTSTDSGVVKFTLKDRLNIIAGGTVTVGGEDG--IKLFK-AINTTDLAGSKVGILATGIDAGNKKISNVADGDISPTSGDVVTGRQLYALMQKGIRVYGDEVSPTKTQTTAPTASSTQG
WPJ73034.1,C,DGTITFTNIGGTGQDTIHDAINNVLTKLISLSAT--EEVVSGEAVYEALKPTTVSAEANNSPITVESGLTFKKGDTIDSTTNSAQTNLVKVSRDGFSVKNGKLAPTKLSIGAENAEHVEVTKSGIALKANLRTLLGVDKTVKLTDGLNFTSTDSGVVKFTLKDKLNIIAGGTVTVGGEDG--IKLFK-AINTTDLAGSKVGILATGIDAGNKKISNVADGDISPT------------------------------------------
WPJ73033.1,B,DGTITFTDIGSTGQNTIHDAINNVLIKY--------------------LKPT-----GNDSPITVESGLTFKKGDTIDST---AQTNLVKVSRDGFSVKNGKLAPTKLSIGAENAEHVEVTKSGIALKADLRTLLGVDKTVKLTDGLNFTSTDSGVVKFTLKDRLNIIAGGTVTVGGEDG--IKLFK-AINTTDLAGSKVGILATGIDAGNKKISNVADGDISPTSGDVVTGRQLYALMQKGIRVYGDEVSPTKTQTTAPTASSTQG
WPJ73032.1,B,DGTITFTDIGSTGQNTIHDAINNVLIKY--------------------LKPT-----GNDSPITVESGLTFKKGDTIDST---AQTNLVKVSRDGFSVKNGKLAPTKLSIGAENAEHVEVTKSGIALKADLRTLLGVDKTVKLTDGLNFTSTDSGVVKFTLKDRLNIIAGGTVTVGGEDG--IKLFK-AINTTDLAGSKVGILATGIDAGNKKISNVADGDISPTSGDVVTGRQLYALMQKGIRVYGDEVSPTKTQTTAPTASSTQG
WPJ73031.1,C,DGTITFTNIGGTGQDTIHDAINNVLTKLISLSAT--EEVVSGEAVYEALKPTTVSAEANNSPITVESGLTFKKGDTIDSTTNSAQTNLVKVSRDGFSVKNGKLAPTKLSIGAENAEHVEVTKSGIALKADLRTLLGVDKTVKLTDGLNFTSTDNGVVKFTLKDKLNIIAGGTVTVGGEDG--IKLFK-AINTTDLAGSKVGILATGIDAGNKKISNVADGDISPT------------------------------------------
WPJ73030.1,C,DGTITFTNIGGTGQDTIHDAINNVLTKLISLSAT--EEVVSGEAVYEALKPTTVSAEANNSPITVESGLTFKKGDTIDSTTNSAQTNLVKVSRDGFSVKNGKLAPTKLSIGAENAEHVEVTKSGIALKANLRTLLGVDKTVKLTDGLNFTSTDSGVVKFTLKDKLNIIAGGTVTVGGEDG--IKLFK-AINTTDLAGSKVGILATGIDAGNKKISNVADGDISPT------------------------------------------
WPJ73029.1,B,DGTITFTNIGGTGQDTIHDAINNVLTKLISLSAT-EEEVVSGEPVYEPLKPT-VSAEANNSPITVEPGLTFKKGDTIDSTTNSAQTNLVKVSRDGFSVKNGKLAPTKLSIGAENAEHVEVTKSGIALKADLRTLLGVDKTVKLTEGLNFTSTDSGVVKFTLKDRLNIIAGGTVTVGGEDG--IKLFK-AINTTDLAGLKVGILAT--DAGNKKISNVADGDISPTSGDVVTGRQLYALMQKGIRVYGDEVSPTKTQTTAPTASSTQG
WPJ73028.1,A,DGTITFTNIGGTGQDTIHDAINNVLTKLISLSAT-EEEVVSGEAVYEALKPT-VSAEANNSPITVEPGLTFKKGDTIDSTTNSAQTNLVKVSRDGFSVKNGKLAPTKLSIGAENAEHVEVTKSGIALKADLRTLLGVDKTVKLTDGLNFTSTDSGVVKFTLKDKLNIIAGGTVTVGGEDG--IKLFK-AINTTDLAGSKVGILATGIDAGNKKISNVADGDISPTSGDVVTGRQLYALMQKGIRVYGDEVSPTKTQTTAPTASSTQG
WPJ73027.1,C,DGTITFTNIGGTGQDTIHDAINNVLTKLISLSAT-EEEVVSGEAVYDALKPT-VSAEANNSPITVEPGLTFKKGDTIDSTTNSAQTNLVKVSRDGFSVKNGKLASTKLSIGAENAEHVEVTKSGIALKADLRTLLGVDKTVKLTDGLNFTSTDNGVVKFTLKDKLNIIAGGTVTVGGEDG--IKLFK-AINTTDLAGSKVGILATGIDAGNKKISNVADGDISPTSGDVVTGRQLYALMQKGIRVYGDEVSPTKTQTTAPTASSTQG
WPJ73026.1,A,DGTITFTNIGGTGQDTIHDAINNVLTKLISLSAT-EEEVVSGEAVYEALKPT-VSAEANNSPITVEPGLTFKKGDTIDSTTNSAQTNLVKVSRDGFSVKNGKLAPTKLSIGAENAEHVEVTKSGIALKADLRTLLGVDKTVKLTDGLNFTSTDSGVVKFTLKDKLNIIAGGTVTVGGEDG--IKLFK-AINTTDLAGSKVGILATGIDAGNKKISNVADGDISPTSGDVVTGRQLYALMQKGIRVYGDEVSPTKTQTTAPTASSTQG
WPJ73025.1,C,DGTITFTNIGGTGQDTIHDAINNVLTKLISLSAT-EEEVVSGEAVYDALKPT-VSAEANNSPITVEPGLTFKKGDTIDSTTNSAQTNLVKVSRDGFSVKNGKLASTKLSIGAENAEHVEVTKSGIALKADLRTLLGVDKTVKLTDGLNFTSTDNGVVKFTLKDKLNIIAGGTVTVGGEDG--IKLFK-AINTTDLAGSKVGILATGIDAGNKKISNVADGDISPTSGDVVTGRQLYALMQKGIRVYGDEVSPTKTQTTAPTASSTQG
WPJ73024.1,A,DGTITFTNIGGTGQDTIHDAINNVLTKLISLSAT-EEEVVSGEAVYEALKPT-VSAEANNSPITVEPGLTFKKGDTIDSTTNSAQTNLVKVSRDGFSVKNGKLAPTKLSIGAENAEHVEVTKSGIALKADLRTLLGVDKTVKLTDGLNFTSTDSGVVKFTLKDKLNIIAGGTVTVGGEDG--IKLFK-AINTTDLAGSKVGILATGIDAGNKKISNVADGDISPTSGDVVTGRQLYALMQKGIRVYGDEVSPTKTQTTAPTASSTQG
WPJ73023.1,A,DGTITFTNIGGTGQATIHDAINNVLTKGIY------------------LKPT-----GNNN-----LEAT---GITADSVTFS---------------KGGKL-------------------SGV---SDIFT-IGLDKT--FTVGVDFTDTDK---------KLNF-----------DGFTIKVFKLSLNTTSLA-----IFATGIDAGNKKISNVADGDISPTSGDVVTGRQLYALMQKGIRVYGDEVSPTKTQTTAPTASSTQ-
WJR82287.1,B,------------------DAINNVLTKLISLSAT-EEEVVSGEPVYEPLKPT-VSAEANNSPITVEPGLTFKKGDTIDSTTNSAQTNLVKVSRDGFSVKNGKLAPTKLSIGAENAEHVEVTKSGIALKADLRTLLGVDKTVKLTEGLNFTSTDSGVVKFTLKDRLNIIAGGTVTVGGEDG--IKLFK-AINTTDLAGLKVGILAT--DAGNKKISNVADGDISPTSGDVVTGRQLYALMQKGIRVY---------------------
WJR82286.1,C,------------------DAINNVLTKLISLSAT-EEEVVSGEGVYDALKPT-VSAEANNSPITVEHGLTFKKGDTIDSTTNSAQTNLVKVSRDGFSVKNGKLASTKLSIGAENAEHVEVTKSGIALKADLRTLLGVDKTVKLTDGLNFTSTDSGVVKFTLKDRLNIIAGGTVTVGGEDG--IKLFK-AINTTDLAGLKVGILAT--DAGNKKISNVADGDISPTSGDVVTGRQLYALMQKGIRLY---------------------
WJR82285.1,C,------------------DAINNVLTKLISLSAT-EEEVVSGEAVYDALKPT-VSAEANNSPITVEPGLTFKKGDTIDSTTNSAQTNLVKVSRDGFSVKNGKLASTKLSIGAENAEHVEVTKSGIALKADLRTLLGVDKTVKLTDGLNFTSTDNGVVKFTLKDKLNIIAGGTVTVGGEDG--IKLFK-AINTTDLAGSKVGILATGIDAGNKKISNVADGDISPTSGDVVTGRQLYALMQKGIRVY---------------------
WJR82284.1,A,------------------DAINNVLTKLISLSAT--EEVVSGKAVYEALKPTTVSAEANNSPITVESGLTFKKGDTIDSTTNSAQTNLVKVSRDGFSVKNGKLAPTKLSIGAENAEHVEVTKSGIALKANLRTLLGVDKTVKLTDGLNFTSTDSGVVKFTLKDKLNIIAGGTVTVGGEDG--IKLFK-AINTTDLAGSKVGILATGIDAGNKKISNVADGDISPTSGDVVTGRQLYALMQKGIRVY---------------------
WJR82283.1,B,------------------DAINNVLIKY--------------------LKPT-----GNDSPITVESGLTFKKGDTIDSTTNSAQTNLVKVSRDGFSVKNGKLAPTKLSIGAENAEHVEVTKSGIALKANLRTLLGVDKTVKLTDGLNFTSTDSGVVKFTLKDKLNIIAGGTVTVGGEDG--IKLFK-AINTTDLAGSKVGILATGIDAGNKKISNVADGDISPTSGDVVTGRQLYALMQKGIRVY---------------------
WJR82282.1,B,------------------DAINNVLTKLISLSAT-EEEVVSGEAVYDALKPT-VSAEANNSPITVEPGLTFKKGDTIDSTTNSAQTNLVKVSRDGFSVKNGKLAPTKLSIGAENAEHVEVTKSGIALKADLRTLLGVDKTVKLTEGLNFTSTDSGVVKFTLKDRLNIIAGGTVTVGGEDG--IKLFK-AINTTDLAGSKVGILATGIDAGNKKISNVADGDISPTSGDVVTGRQLYALMQKGIRVY---------------------
WJR82281.1,B,------------------DAINNVLIKY--------------------LKPT-----GNDSPITVESGLTFKKGEPIDST---AQTNLVKVSRDGFSVKNGKLAPTKLSIGAENAEHVEVTKSGIALKANLRTLLGVDKTVKLTDGLNFTSTDSGVVKFTLKDRLNIIAGGTVTVGGEDG--IKLFK-AINTTDLAGSKVGILGTGIDAGNKKISNVADGDISPTSGDVVTGRQLYALMQKGIRVY---------------------
WJR82280.1,B,------------------DAINNVLTKLISLSAT-EEEVVSGEAVYEALKPT-VSAEANNSPITVEPGLTFKKGDTIDSTTNSAQTNLVKVSRDGFSVKNGKLAPTKLSIGAENAEHVEVTKSGIALKADLRTLLGVDKTVKLTDGLNFTSTDSGVVKFTLKDRLNIIAGGTVTVGGEDG--IKLFK-AINTTDLAGSKVGILAT--DAGNKKISNVADGDISPTSGDVVTGRQLYALMQKGIRVY---------------------
WJR82279.1,B,------------------DAINNVLTKLISLSAT-EEEVVSGEAVYEALKPT-VSAEANNSPITVEPGLTFKKGDTIDSTTNSAQTNLVKVSRDGFSVKNGKLAPTKLSIGAENAEHVEVTKSGIALKADLRTLLGVDKTVKLTDGLNFTSTDSGVVKFTLKDRLNIIAGGTVTVGGEDG--IKLFK-AINTTDLAGLKVGILAT--DAGNKKISNVADGDISPTSGDVVTGRQLYALMQKGIRVY---------------------
WJR82278.1,B,------------------DAINNVLTKLISLSAT-EEEVVSGEAVYEALKPT-VSAEANNSPITVEPGLTFKKGDTIDSTTNSAQTNLVKVSRDGFSVKNGKLAPTKLSIGAENAEHVEVTKSGIALKADLRTLLGVDKTVKLTDGLNFTSTDSGVVKFTLKDKLNIIAGGTVTVGGEDG--IKLFK-AINTTDLAGSKVGILATGIDAGNKKISNVADGDISPTSGDVVTGRQLYALMQKGIRVY---------------------
WJR82277.1,B,------------------DAINDVLTKLISLSAT-EEEVVSGEAVYEALKPT-VSAEANNSPITVEPGLTFKKGDTIDSTTNSAQTNLVKVSRDGFSVKNGKLAPTKLSIGAENAEHVEVTKSGIALKADLRTLLGVDKTVKLTDGLNFTSTDSGVVKFTLKDRLNIIAGGTVTVGGEDG--IKLFK-AINTTDLAELKVGILAT--DAGNKKISNVADGDISPTSGDVVTGRQLYALMQKGIRVY---------------------
WJR82276.1,A,------------------DAINNVLTKGIY------------------LKPT-----GNNN-----LEAT---GITADSVTFS---------------KGGKL-------------------SGV---SDIFT-IGLDKT--FTVGVDFTDTDK---------KLNF-----------DGFTIKVFKLSLNTTSLA-----IFATGIDAGNKKISNVADGDISPTSGDVVTGRQLYALMQKGIRVY---------------------
WJR82275.1,A,------------------DAINNVLTKGIY------------------LKPT-----GNNN-----LGAT---GITADSVTFS---------------KGGKL-------------------SGV---SDIFT-IGLDKT--FTVGVDFTDTDK---------KLNF-----------DGFTIKVFKLSLNTTSLA-----IFATGIDAGNKKISNVADGDISPTSGDVVTGRQLYALMQKGIRVY---------------------
WJR82274.1,A,------------------DAINNVLTKGIY------------------LKPT-----GNNN-----LGAT---GITADSVTFS---------------KGGKL-------------------SGV---SDIFT-IGLDKT--FTVGVDFTDTDK---------KLNF-----------DGFTIKVFKLSLNTTSLA-----IFATGIDAGNKKISNVADGDISPTSGDVVTGRQLYALMQKGIRVY---------------------
WJR82273.1,A,------------------DAINNVLTKGIY------------------LKPT-----GNNN-----LGAT---GITADSVTFS---------------KGGKL-------------------SGV---SDIFT-IGLDKT--FTVGVDFTDTDK---------KLNF-----------DGFTIKVFKLSLNTTSLA-----IFATGIDAGNKKISNVADGDISPTSGDVVTGRQLYALMQKGIRVY---------------------
WJR82272.1,C,------------------DAINNVLTKLISLSAT--EEVVSGEGVYDALKPT-VSAEANNSPITVEHGLTFKKGDTIDSTTNSAQTNLVKVSRDGFSVKNGKLASTKLSIGAENAEHVEVTKSGIALKADLRTLLGVDKTVKLTDGLNFTSTDSGVVKFTLKDRLNIIAGGTVTVGGEDG--IKLFK-AINTTDLAGLKVGILAT--DAGNKKISNVADGDISPTSGDVVTGRQLYALMQKGIRLY---------------------
WJR82271.1,A,------------------DAINNVLTKLISLSAT--EEVVSGEAVYEALKPTTVSAEANNSPITVESGLTFKKGDTIDSTTNSAQTNLVKVSRDGFSVKNGKLAPTKLSIGAENAEHVEVTKSGIALKANLRTLLGVDKTVKLTDGLNFTSTDSGVVKFTLKDKLNIIAGGTVTVGGEDG--IKLFK-AINTTDLAGSKVGILATGIDAGNKKISNVADGDISPTSGDVVTGRQLYALMQKGIRVY---------------------
WJR82270.1,C,------------------DAINNVLTKLISLSAT--EEVVSGEGVYDALKPT-VSAEANNSPITVEHGLTFKKGDTIDSTTNSAQTNLVKVSRDGFSVKNGKLASTKLSIGAENAEHVEVTKSGIALKADLRTLLGVDKTVKLTDGLNFTSTDSGVVKFTLKDRLNIIAGGTVTVGGEDG--IKLFK-AINTTDLAGLKVGILAT--DAGNKKISNVADGDISPTSGDVVTGRQLYALMQKGIRLY---------------------
WJR82269.1,A,------------------DAINNVLTKLISLSAT--EEVVSGEAVYEALKPTTVSAEANNSPITVESGLTFKKGDTIDSTTNSAQTNLVKVSRDGFSVKNGKLAPTKLSIGAENAEHVEVTKSGIALKANLRTLLGVDKTVKLTDGLNFTSTDSGVVKFTLKDKLNIIAGGTVTVGGEDG--IKLFK-AINTTDLAGSKVGILATGIDAGNKKISNVADGDISPTSGDVVTGRQLYALMQKGIRVY---------------------
WJR82268.1,C,------------------DAINNVLTKLISLSAT--EEVVSGEGVYDALKPT-VSAEANNSPITVEHGLTFKKGDTIDSTTNSAQTNLVKVSRDGFSVKNGKLASTKLSIGAENAEHVEVTKSGIALKADLRTLLGVDKTVKLTDGLNFTSTDSGVVKFTLKDRLNIIAGGTVTVGGEDG--IKLFK-AINTTDLAGLKVGILAT--DAGNKKISNVADGDISPTSGDVVTGRQLYALMQKGIRLY---------------------
WJR82267.1,A,------------------DAINNVLTKLISLSAT--EEVVSGEAVYEALKPTTVSAEANNSPITVESGLTFKKGDTIDSTTNSAQTNLVKVSRDGFSVKNGKLAPTKLSIGAENAEHVEVTKSGIALKANLRTLLGVDKTVKLTDGLNFTSTDSGVVKFTLKDKLNIIAGGTVTVGGEDG--IKLFK-AINTTDLAGSKVGILATGIDAGNKKISNVADGDISPTSGDVVTGRQLYALMQKGIRVY---------------------
WJR82266.1,A,------------------DAINNVLTKLISLSAT--EEVVSGEAVYEALKPTTVSAEANNSPITVESGLTFKKGDTIDSTTNSAQTNLVKVSRDGFSVKNGKLAPTKLSIGAENAEHVEVTKSGIALKANLRTLLGVDKTVKLTDGLNFTSTDSGVVKFTLKDKLNIIAGGTVTVGGEDG--IKLFK-AINTTDLAGSKVGILATGIDAGNKKISNVADGDISPTSGDVVTGRQLYALMQKGIRVY---------------------
WJR82265.1,A,------------------DAINNVLTKLISLSAT--EEVVSGEAVYEALKPTTVSAEANNSPITVESGLTFKKGDTIDSTTNSAQTNLVKVSRDGFSVKNGKLAPTKLSIGAENAEHVEVTKSGIALKANLRTLLGVDKTVKLTDGLNFTSTDSGVVKFTLKDKLNIIAGGTVTVGGEDG--IKLFK-AINTTDLAGSKVGILATGIDAGNKKISNVADGDISPTSGDVVTGRQLYALMQKGIRVY---------------------
WJR82264.1,A,------------------DAINNVLTKGIY------------------LKPT-----GNNN-----LGAT---GITADSVTFS---------------KGGKL-------------------SGV---SDIFT-IGLDKT--FTVGVDFTDTDK---------KLNF-----------DGFTIKVFKLSLNTTSLA-----IFATGIDAGNKKISNVADGDISPTSGDVVTGRQLYALMQKGIRVY---------------------
WJR82263.1,A,------------------DAINNVLTKLISLSAT--EEVVSGEAVYEALKPTTVSAEANNSPITVESGLTFKKGDTIDSTTNSAQTNLVKVSRDGFSVKNGKLAPTKLSIGAENAEHVEVTKSGIALKANLRTLLGVDKTVKLTDGLNFTSTDSGVVKFTLKDKLNIIAGGTVTVGGEDG--IKLFK-AINTTDLAGSKVGILATGIDAGNKKISNVADGDISPTSGDVVTGRQLYALMQKGIRVY---------------------
WJR82262.1,C,------------------DAINNVLTKLISLSAT--EEVVSGEGVYDALKPT-VSAEANNSPITVEHGLTFKKGDTIDSTTNSAQTNLVKVSRDGFSVKNGKLASTKLSIGAENAEHVEVTKSGIALKADLRTLLGVDKTVKLTDGLNFTSTDSGVVKFTLKDRLNIIAGGTVTVGGEDG--IKLFK-AINTTDLAGLKVGILAT--DAGNKKISNVADGDISPTSGDVVTGRQLYALMQKGIRLY---------------------
WJR82261.1,A,------------------DAINNVLTKLISLSAT--EEVVSGEAVYEALKPTTVSAEANNSPITVESGLTFKKGDTIDSTTNSAQTNLVKVSRDGFSVKNGKLAPTKLSIGAENAEHVEVTKSGIALKANLRTLLGVDKTVKLTDGLNFTSTDSGVVKFTLKDKLNIIAGGTVTVGGEDG--IKLFK-AINTTDLAGSKVGILATGIDAGNKKISNVADGDISPTSGDVVTGRQLYALMQKGIRVY---------------------
WJR82260.1,A,------------------DAINNVLTKLISLSAT--EEVVSGEAVYEALKPTTVSAEANNSPITVESGLTFKKGDTIDSTTNSAQTNLVKVSRDGFSVKNGKLAPTKLSIGAENAEHVEVTKSGIALKANLRTLLGVDKTVKLTDGLNFTSTDSGVVKFTLKDKLNIIAGGTVTVGGEDG--IKLFK-AINTTDLAGSKVGILATGIDAGNKKISNVADGDISPTSGDVVTGRQLYALMQKGIRVY---------------------
WJR82259.1,A,------------------DAINNVLTKLISLSAT--EEVVSGEAVYEALKPTTVSAEANNSPITVESGLTFKKGDTIDSTTNSAQTNLVKVSRDGFSVKNGKLAPTKLSIGAENAEHVEVTKSGIALKANLRTLLGVDKTVKLTDGLNFTSTDSGVVKFTLKDKLNIIAGGTVTVGGEDG--IKLFK-AINTTDLAGSKVGILATGIDAGNKKISNVADGDISPTSGDVVTGRQLYALMQKGIRVY---------------------
WJR82258.1,A,------------------DAINNVLTKGIY------------------LKPT-----GNNN-----LGAT---GITADSVTFS---------------KGGKL-------------------SGV---SDIFT-IGLDKT--FTVGVDFTDTDK---------KLNF-----------DGFTIKVFKLSLNTTSLA-----IFATGIDAGNKKISNVADGDISPTSGDVVTGRQLYALMQKGIRVY---------------------
WJR82257.1,A,------------------DAINNVLTKLISLSAT--EEVVSGEAVYEALKPTTVSAEANNSPITVESGLTFKKGDTIDSTTNSAQTNLVKVSRDGFSVKNGKLAPTKLSIGAENAEHVEVTKSGIALKANLRTLLGVDKTVKLTDGLNFTSTDSGVVKFTLKDKLNIIAGGTVTVGGEDG--IKLFK-AINTTDLAGSKVGILATGIDAGNKKISNVADGDISPTSGDVVTGRQLYALMQKGIRVY---------------------
WJR82256.1,A,------------------DAINNVLTKGIY------------------LKPT-----GNNN-----LGAT---GITADSVTFS---------------KGGKL-------------------SGV---SDIFT-TGLGKT--FTVGVDFTDTDK---------KLNF-----------DGFTIKVFKLSLNTTSLA-----IFATGIDAGNKKISNVADGDISPTSGDVVTGRQLYALMQKGIRVY---------------------
WJR82255.1,A,------------------DAINNVLTKLISLSAT--EEVVSGEAVYEALKPTTVSAEANNSPITVESGLTFKKGDTIDSTTNSAQTNLVKVSRDGFSVKNGKLAPTKLSIGAENAEHVEVTKSGIALKANLRTLLGVDKTVKLTDGLNFTSTDSGVVKFTLKDKLNIIAGGTVTVGGEDG--IKLFK-AINTTDLAGSKVGILATGIDAGNKKISNVADGDISPTSGDVVTGRQLYALMQKGIRVY---------------------
WJR82254.1,A,------------------DAINNVLTKGIY------------------LKPT-----GNNN-----LGAT---GITADSVTFS---------------KGGKL-------------------SGV---SDIFT-IGLDKT--FTVGVDFTDTDK---------KLNF-----------DGFTIKVFKLSLNTTSLA-----IFATGIDAGNKKISNVADGDISPTSGDVVTGRQLYALMQKGIRVY---------------------
WJR82253.1,A,------------------DAINNVLTKGIY------------------LKPT-----GNNN-----LGAT---GITADSVTFS---------------KGGKL-------------------SGV---SDIFT-IGLDKT--FTVGVDFTDTDK---------KLNF-----------DGFTIKVFKLSLNTTSLA-----IFATGIDAGNKKISNVADGDISPTSGDVVTGRQLYALMQKGIRVY---------------------
WJR82252.1,A,------------------DAINNVLTKLISLSAT--EEVVSGEAVYEALKPTTVSAEANNSPITVESGLTFKKGDTIDSTTNSAQTNLVKVSRDGFSVKNGKLAPTKLSIGAENAEHVEVTKSGIALKANLRTLLGVDKTVKLTDGLNFTSTDSGVVKFTLKDKLNIIAGGTVTVGGEDG--IKLFK-AINTTDLAGSKVGILATGIDAGNKKISNVADGDISPTSGDVVTGRQLYALMQKGIRVY---------------------
WJR82251.1,A,------------------DAINNVLTKGIY------------------LKPT-----GNNN-----LGAT---GITADSVTFS---------------KGGKL-------------------SGV---SDIFT-IGLDKT--FTVGVDFTDTDK---------KLNF-----------DGFTIKVFKLSLNTTSLA-----IFATGIDAGNKKISNVADGDISPTSGDVVTGRQLYALMQKGIRVY---------------------
WJR82250.1,C,------------------DAINNVLTKLISLSAT-EEEVVSGEAVYDALKPT-VSAEANNSPITVEPGLTFKKGDTIDSTTNSAQTNLVKVSRDGFSVKNGKLASTKLSIGAENAEHVEVTKSGIALKADLRTLLGVDKTVKLTDGLNFTSTDNGVVKFTLKDKLNIIAGGTVTVGGEDG--IKLFK-AINTTDLAGSKVGILATGIDAGNKKISNVADGDISPTSGDVVTGRQLYALMQKGIRVY---------------------
WJR82249.1,A,------------------DAINNVLTKGIY------------------LKPT-----GNNN-----LGAT---GITADSVTFS---------------KGGKL-------------------SGV---SDIFT-TGLGKT--FTVGVDFTDTDK---------KLNF-----------DGFTIKVFKLSLNTTSLA-----IFATGIDAGNKKISNVADGDISPTSGDVVTGRQLYALMQKGIRVY---------------------
WJR82248.1,A,------------------DAINNVLTKGIY------------------LKPT-----GNNN-----LGAT---GITADSVTFS---------------KGGKL-------------------SGV---SDIFT-TGLGKT--FTVGVDFTDTDK---------KLNF-----------DGFTIKVFKLSLNTTSLA-----IFATGIDAGNKKISNVADGDISPTSGDVVTGRQLYALMQKGIRVY---------------------
WJR82247.1,A,------------------DAINNVLTKGIY------------------LKPT-----GNNN-----LGAT---GITADSVTFS---------------KGGKL-------------------SGV---SDIFT-TGLDKT--FTVGVDFTDTDK---------KLNF-----------DGFTIKVFKLSLNTTSLA-----IFATGIDAGNKKISNVADGDISPTSGDVVTGRQLYALMQKGIRVY---------------------
WJR82246.1,A,------------------DAINNVLTKLISLSAT--EEVVSGEAVYEALKPTTVSAEANNSPITVESGLTFKKGDTIDSTTNSAQTNLVKVSRDGFSVKNGKLAPTKLSIGAENAEHVEVTKSGIALKANLRTLLGVDKTVKLTDGLNFTSTDSGVVKFTLKDKLNIIAGGTVTVGGEDG--IKLFK-AINTTDLAGSKVGILATGIDAGNKKISNVADGDISPTSGDVVTGRQLYALMQKGIRVY---------------------
WJR82245.1,A,------------------DAINNVLTKGIY------------------LKPT-----GNNN-----LGAT---GITADSVTFS---------------KGGKL-------------------SGV---SDIFT-IGLDKT--FTVGVDFTDTDK---------KLNF-----------DGFTIKVFKLSLNTTSLA-----IFATGIDAGNKKISNVADGDISPTSGDVVTGRQLYALMQKGIRVY---------------------
WJR82244.1,A,------------------DAINNVLTKGIY------------------LKPT-----GNNN-----LGAT---GITADSVTFS---------------KGGKL-------------------SGV---SDIFT-IGLDKT--FTVGVDFTDTDK---------KLNF-----------DGFTIKVFKLSLNTTSLA-----IFATGIDAGNKKISNVADGDISPTSGDVVTGRQLYALMQKGIRVY---------------------
WJR82243.1,A,------------------DAINNVLTKGIY------------------LKPT-----GNNN-----LGAT---GITADSVTFS---------------KGGKL-------------------SGV---SDIFT-TGLGKT--FTVGVDFTDTDK---------KLNF-----------DGFTIKVFKLSLNTTSLA-----IFATGIDAGNKKISNVADGDISPTSGDVVTGRQLYALMQKGIRVY---------------------
WJR82242.1,A,------------------DAINNVLTKGIY------------------LKPT-----GNNN-----LGAT---GITADSVTFS---------------KGGKL-------------------SGV---SDIFT-TGLGKT--FTVGVDFTDTDK---------KLNF-----------DGFTIKVFKLSLNTTSLA-----IFATGIDAGNKKISNVADGDISPTSGDVVTGRQLYALMQKGIRVY---------------------
WJR82241.1,A,------------------DAINNVLTKGIY------------------LKPT-----GNNN-----LGAT---GITADSVTFS---------------KGGKL-------------------SGV---SDIFT-TGLGKT--FTVGVDFTDTDK---------KLNF-----------DGFTIKVFKLSLNTTSLA-----IFATGIDAGNKKISNVADGDISPTSGDVVTGRQLYALMQKGIRVY---------------------
WJR82240.1,A,------------------DAINNVLTKGIY------------------LKPT-----GNNN-----LGAT---GITADSVTFS---------------KGGKL-------------------SGV---SDIFT-TGLGKT--FTVGVDFTDTDK---------KLNF-----------DGFTIKVFKLSLNTTSLA-----IFATGIDAGNKKISNVADGDISPTSGDVVTGRQLYALMQKGIRVY---------------------
WJR82239.1,A,------------------DAINNVLTKGIY------------------LKPT-----GNNN-----LGAT---GITADSVTFS---------------KGGKL-------------------SGV---SDIFT-IGLDKT--FTVGVDFTDTDK---------KLNF-----------DGFTIKVFKLSLNTTSLA-----IFATGIDAGNKKISNVADGDISPTSGDVVTGRQLYALMQKGIRVY---------------------
WJR82238.1,B,------------------DAINNVLIKY--------------------LKPT-----GNDSPITVESGLTFKKGDTIDST---AQTNLVKVSRDGFSVKNGKLAPTKLSIGAENAEHVEVTKSGIALKANLRTLLGVDKTVKLTDGLNFTSTDSGVVKFTLKDRLNIIAGGTVTVGGEDG--IKLFK-AINTTDLAGSKVGILGTGIDAGNKKISNVADGDISPTSGDVVTGRQLYALMQKGIRVY---------------------
WJR82237.1,A,------------------DAINNVLTKGIY------------------LKPT-----GNNN-----LGAT---GITADSVTFS---------------KGGKL-------------------SGV---SDIFT-TGLGKT--FTVGVDFTDTDK---------KLNF-----------DGFTIKVFKLSLNTTSLA-----IFATGIDAGNKKISNVADGDISPTSGDVVTGRQLYALMQKGIRVY---------------------
WJR82236.1,A,------------------DAINNVLTKLISLSAT--EEVVSGEAVYEALKPTTVSAEANNSPITVESGLTFKKGDTIDSTTNSAQTNLVKVSRDGFSVKNGKLAPTKLSIGAENAEHVEVTKSGIALKANLRTLLGVDKTVKLTDGLNFTSTDSGVVKFTLKDKLNIIAGGTVTVGGEDG--IKLFK-AINTTDLAGSKVGILATGIDAGNKKISNVADGDISPTSGDVVTGRQLYALMQKGIRVY---------------------
WJR82235.1,B,------------------DAINNVLIKY--------------------LKPT-----GNDSPITVESGLTFKKGDTIDST---AQTNLVKVSRDGFSVKNGKLAPTKLSIGAENAEHVEVTKSGIALKANLRTLLGVDKTVKLTDGLNFTSTDSGVVKFTLKDRLNIIAGGTVTVGGEDG--IKLFK-AINTTDLAGSKVGILGTGIDAGNKKISNVADGDISPTSGDVVTGRQLYALMQKGIRVY---------------------
WJR82234.1,A,------------------DAINNVLTKLISLSAT--EEVVSGEAVYEALKPTTVSAEANNSPITVESGLTFKKGDTIDSTTNSAQTNLVKVSRDGFSVKNGKLAPTKLSIGAENAEHVEVTKSGIALKANLRTLLGVDKTVKLTDGLNFTSTDSGVVKFTLKDKLNIIAGGTVTVGGEDG--IKLFK-AINTTDLAGSKVGILATGIDAGNKKISNVADGDISPTSGDVVTGRQLYALMQKGIRVY---------------------
WJR82233.1,A,------------------DAINNVLTKLISLSAT--EEVVSGEAVYEALKPTTVSAEANNSPITVESGLTFKKGDTIDSTTNSAQTNLVKVSRDGFSVKNGKLAPTKLSIGAENAEHVEVTKSGIALKANLRTLLGVDKTVKLTDGLNFTSTDSGVVKFTLKDKLNIIAGGTVTVGGEDG--IKLFK-AINTTDLAGSKVGILATGIDAGNKKISNVADGDISPTSGDVVTGRQLYALMQKGIRVY---------------------
WJR82232.1,A,------------------DAINNVLTKLISLSAT--EEVVSGEAVYEALKPTTVSAEANNSPITVESGLTFKKGDTIDSTTNSAQTNLVKVSRDGFSVKNGKLAPTKLSIGAENAEHVEVTKSGIALKANLRTLLGVDKTVKLTDGLNFTSTDSGVVKFTLKDKLNIIAGGTVTVGGEDG--IKLFK-AINTTDLAGSKVGILATGIDAGNKKISNVADGDISPTSGDVVTGRQLYALMQKGIRVY---------------------
WJR82231.1,A,------------------DAINNVLTKGIY------------------LKPT-----GNNN-----LGAT---GITADSVTFS---------------KGGKL-------------------SGV---SDIFT-TGLGKT--FTVGVDFTDTDK---------KLNF-----------DGFTIKVFKLSLNTTSLA-----IFATGIDAGNKKISNVADGDISPTSGDVVTGRQLYALMQKGIRVY---------------------
WJR82230.1,A,------------------DAINNVLTKGIY------------------LKPT-----GNNN-----LGAT---GITADSVTFS---------------KGGKL-------------------SGV---SDIFT-TGLGKT--FTVGVDFTDTDK---------KLNF-----------DGFTIKVFKLSLNTTSLA-----IFATGIDAGNKKISNVADGDISPTSGDVVTGRQLYALMQKGIRVY---------------------
WJR82229.1,B,------------------DAINNVLTKLISLSAT-EEEVVSGEAVYEALKPT-VSAEANNSPITVEPGLTFKKGDTIDSTTNSAQTNLVKVSRDGFSVKNGKLAPTKLSIGAENAEHVEVTKSGIALKADLRTLLGVDKTVKLTDGLNFTSTDSGVVKFTLKDRLNIIAGGTVTVGGEDG--IKLFK-AINTTDLAGSKVGILAT--DAGNKKISNVADGDISPTSGDVVTGRQLYALMQKGIRVY---------------------
WJR82228.1,A,------------------DAINNVLTKGIY------------------LKPT-----GNNN-----LGAT---GITADSVTFS---------------KGGKL-------------------SGV---SDIFT-IGLDKT--FTVGVDFTDTDK---------KLNF-----------DGFTIKVFKLSLNTTSLA-----IFATGIDAGNKKISNVADGDISPTSGDVVTGRQLYALMQKGIRVY---------------------
WJR82227.1,A,------------------DAINNVLTKGIY------------------LKPT-----GNNN-----LGAT---GITADSVTFS---------------KGGKL-------------------SGV---SDIFT-IGLDKT--FTVGVDFTDTDK---------KLNF-----------DGFTIKVFKLSLNTTSLA-----IFATGIDAGNKKISNVADGDISPTSGDVVTGRQLYALMQKGIRVY---------------------
WJR82226.1,A,------------------DAINNVLTKGIY------------------LKPT-----GNNN-----LGAT---GITADSVTFS---------------KGGKL-------------------SGV---SDIFT-IGLDKT--FTVGVDFTDTDK---------KLNF-----------DGFTIKVFKLSLNTTSLA-----IFATGIDAGNKKISNVADGDISPTSGDVVTGRQLYALMQKGIRVY---------------------
WJR82225.1,A,------------------DAINNVLTKLISLSAT--EEVVSGEAVYEALKPTTVSAEANNSPITVESGLTFKKGDTIDSTTNSAQTNLVKVSRDGFSVKNGKLAPTKLSIGAENAEHVEVTKSGIALKANLRTLLGVDKTVKLTDGLNFTSTDSGVVKFTLKDKLNIIAGGTVTVGGEDG--IKLFK-AINTTDLAGSKVGILATGIDAGNKKISNVADGDISPTSGDVVTGRQLYALMQKGIRVY---------------------
WJR82224.1,C,------------------DAINNVLTKLISLSAT-EEEVVSGEAVYDALKPT-VSAEANNSPITVEPGLTFKKGDTIDSTTNSAQTNLVKVSRDGFSVKNGKLASTKLSIGAENAEHVEVTKSGIALKADLRTLLGVDKTVKLTDGLNFTSTDNGVVKFTLKDKLNIIAGGTVTVGGEDG--IKLFK-AINTTDLAGSKVGILATGIDAGNKKISNVADGDISPTSGDVVTGRQLYALMQKGIRVY---------------------
WJR82223.1,A,------------------DAINNVLTKGIY------------------LKPT-----GNNN-----LEAT---GITADSVTFS---------------KGGKL-------------------SGV---SDIFT-IGLDKT--FTVGVDFTDTDK---------KLNF-----------DGFTIKVFKLSLNTTSLA-----IFATGIDAGNKKISNVADGDISPTSGDVVTGRQLYALMQKGIRVY---------------------
WJR82222.1,C,------------------DAINNVLTKLISLSAT-EEEVVSGEAVYDALKPT-VSAEANNSPITVEPGLTFKKGDTIDSTTNSAQTNLVKVSRDGFSVKNGKLASTKLSIGAENAEHVEVTKSGIALKADLRTLLGVDKTVKLTDGLNFTSTDNGVVKFTLKDKLNIIAGGTVTVGGEDG--IKLFK-AINTTDLAGSKVGILATGIDAGNKKISNVADGDISPTSGDVVTGRQLYALMQKGIRVY---------------------
WJR82221.1,C,------------------DAINNVLTKLISLSAT-EEEVVSGEAVYDALKPT-VSAEANNSPITVEPGLTFKKGDTIDSTTNSAQTNLVKVSRDGFSVKNGKLASTKLSIGAENAEHVEVTKSGIALKADLRTLLGVDKTVKLTDGLNFTSTDNGVVKFTLKDKLNIIAGGTVTVGGEDG--IKLFK-AINTTDLAGSKVGILATGIDAGNKKISNVADGDISPTSGDVVTGRQLYALMQKGIRVY---------------------
WJR82220.1,A,------------------DAINNVLTKGIY------------------LKPT-----GNNN-----LEAT---GITADSVTFS---------------KGGKL-------------------SGV---SDIFT-IGLDKT--FTVGVDFTDTDK---------KLNF-----------DGFTIKVFKLSLNTTSLA-----IFATGIDAGNKKISNVADGDISPTSGDVVTGRQLYALMQKGIRVY---------------------
WJR82219.1,C,------------------DAINNVLTKLISLSAT-EEEVVSGEAVYDALKPT-VSAEANNSPITVEPGLTFKKGDTIDSTTNSAQTNLVKVSRDGFSVKNGKLASTKLSIGAENAEHVEVTKSGIALKADLRTLLGVDKTVKLTDGLNFTSTDNGVVKFTLKDKLNIIAGGTVTVGGEDG--IKLFK-AINTTDLAGSKVGILATGIDAGNKKISNVADGDISPTSGDVVTGRQLYALMQKGIRVY---------------------
WJR82218.1,A,------------------DAINNVLTKGIY------------------LKPT-----GNNN-----LEAT---GITADSVTFS---------------KGGKL-------------------SGV---SDIFT-IGLDKT--FTVGVDFTDTDK---------KLNF-----------DGFTIKVFKLSLNTTSLA-----IFATGIDAGNKKISNVADGDISPTSGDVVTGRQLYALMQKGIRVY---------------------
WJR82217.1,B,------------------DAINNVLTKLISLSAT-EEEVVSGEAVYDALKPT-VSAEANNSPITVEPGLTFKKGDTIDSTTNSAQTNLVKVSRDGFSVKNGKLAPTKLSIGAENAEHVEVTKSGIALKADLRTLLGVDKTVKLTEGLNFTSTDSGVVKFTLKDRLNIIAGGTVTVGGEDG--IKLFK-AINTTDLAGSKVGILATGIDAGNKKISNVADGDISPTSGDVVTGRQLYALMQKGIRVY---------------------
WJR82216.1,A,------------------DAINNVLTKLISLSAT--EEVVSGEAVYEALKPTTVSAEANNSPITVESGLTFKKGDTIDSTTNSAQTNLVKVSRDGFSVKNGKLAPTKLSIGAENAEHVEVTKSGIALKANLRTLLGVDKTVKLTDGLNFTSTDSGVVKFTLKDKLNIIAGGTVTVGGEDG--IKLFK-AINTTDLAGSKVGILATGIDAGNKKISNVADGDISPTSGDVVTGRQLYALMQKGIRVY---------------------
WJR82215.1,A,------------------DAINNVLTKLISLSAT--EEVVSGEAVYEALKPTTVSAEANNSPITVESGLTFKKGDTIDSTTNSAQTNLVKVSRDGFSVKNGKLAPTKLSIGAENAEHVEVTKSGIALKANLRTLLGVDKTVKLTDGLNFTSTDSGVVKFTLKDKLNIIAGGTVTVGGEDG--IKLFK-AINTTDLAGSKVGILATGIDAGNKKISNVADGDISPTSGDVVTGRQLYALMQKGIRVY---------------------
WJR82214.1,A,------------------DAINNVLTKLISLSAT--EEVVSGEAVYEALKPTTVSAEANNSPITVESGLTFKKGDTIDSTTNSAQTNLVKVSRDGFSVKNGKLAPTKLSIGAENAEHVEVTKSGIALKANLRTLLGVDKTVKLTDGLNFTSTDSGVVKFTLKDKLNIIAGGTVTVGGEDG--IKLFK-AINTTDLAGSKVGILATGIDAGNKKISNVADGDISPTSGDVVTGRQLYALMQKGIRVY---------------------
WJR82213.1,A,------------------DAINNVLTKLISLSAT--EEVVSGEAVYEALKPTTVSAEANNSPITVESGLTFKKGDTIDSTTNSAQTNLVKVSRDGFSVKNGKLAPTKLSIGAENAEHVEVTKSGIALKANLRTLLGVDKTVKLTDGLNFTSTDSGVVKFTLKDKLNIIAGGTVTVGGEDG--IKLFK-AINTTDLAGSKVGILATGIDAGNKKISNVADGDISPTSGDVVTGRQLYALMQKGIRVY---------------------
WJR82212.1,A,------------------DAINNVLTKLISLSAT--EEVVSGEAVYEALKPTTVSAEANNSPITVESGLTFKKGDTIDSTTNSAQTNLVKVSRDGFSVKNGKLAPTKLSIGAENAEHVEVTKSGIALKANLRTLLGVDKTVKLTDGLNFTSTDSGVVKFTLKDKLNIIAGGTVTVGGEDG--IKLFK-AINTTDLAGSKVGILATGIDAGNKKISNVADGDISPTSGDVVTGRQLYALMQKGIRVY---------------------
WJR82211.1,A,------------------DAINNVLTKLISLSAT--EEVVSGEAVYEALKPTTVSAEANNSPITVESGLTFKKGDTIDSTTNSAQTNLVKVSRDGFSVKNGKLAPTKLSIGAENAEHVEVTKSGIALKANLRTLLGVDKTVKLTDGLNFTSTDSGVVKFTLKDKLNIIAGGTVTVGGEDG--IKLFK-AINTTDLAGSKVGILATGIDAGNKKISNVADGDISPTSGDVVTGRQLYALMQKGIRVY---------------------
WJR82210.1,A,------------------DAINNVLTKLISLSAT--EEVVSGEAVYEALKPTTVSAEANNSPITVESGLTFKKGDTIDSTTNSAQTNLVKVSRDGFSVKNGKLAPTKLSIGAENAEHVEVTKSGIALKANLRTLLGVDKTVKLTDGLNFTSTDSGVVKFTLKDKLNIIAGGTVTVGGEDG--IKLFK-AINTTDLAGSKVGILATGIDAGNKKISNVADGDISPTSGDVVTGRQLYALMQKGIRVY---------------------
WJR82209.1,A,------------------DAINNVLTKLISLSAT--EEVVSGEAVYEALKPTTVSAEANNSPITVESGLTFKKGDTIDSTTNSAQTNLVKVSRDGFSVKNGKLAPTKLSIGAENAEHVEVTKSGIALKANLRTLLGVDKTVKLTDGLNFTSTDSGVVKFTLKDKLNIIAGGTVTVGGEDG--IKLFK-AINTTDLAGSKVGILATGIDAGNKKISNVADGDISPTSGDVVTGRQLYALMQKGIRVY---------------------
WJR82208.1,A,------------------DAINNVLTKGIY------------------LKPT-----GNNN-----LGAT---GITADSVTFS---------------KGGKL-------------------SGV---SDIFT-IGLDKT--FTVGVDFTDTDK---------KLNF-----------DGFTIKVFKLSLNTTSLA-----IFATGIDAGNKKISNVADGDISPTSGDVVTGRQLYALMQKGIRVY---------------------
WJR82207.1,A,------------------DAINNVLTKGIY------------------LKPT-----GNNN-----LGAT---GITADSVTFS---------------KGGKL-------------------SGV---SDIFT-IGLDKT--FTVGVDFTDTDK---------KLNF-----------DGFTIKVFKLSLNTTSLA-----IFATGIDAGNKKISNVADGDISPTSGDVVTGRQLYALMQKGIRVY---------------------
WJR82206.1,C,------------------DAINNVLTKLISLSAT-EEEVVSGEAVYDALKPT-VSAEANNSPITVEPGLTFKKGDTIDSTTNSAQTNLVKVSRDGFSVKNGKLASTKLSIGAENAEHVEVTKSGIALKADLRTLLGVDKTVKLTDGLNFTSTDNGVVKFTLKDKLNIIAGGTVTVGGEDG--IKLFK-AINTTDLAGSKVGILATGIDAGNKKISNVADGDISPTSGDVVTGRQLYALMQKGIRVY---------------------
QTW92356.1,B,DGTITFTNIGGTGQDTIHDAINNVLTKLISLSAT-EEEVVSGEPVYEPLKPT-VSAEANNSPITVEPGLTFKKGDTIDSTTNSAQTNLVKVSRDGFSVKNGKLAPTKLSIGAENAEHVEVTKSGIALKADLRTLLGVDKTVKLTEGLNFTSTDSGVVKFTLKDRLNIIAGGTVTVGGEDG--IKLFK-AINTTDLAGLKVGILAT--DAGNKKISNVADGDISPTSGDVVTGRQLYALMQKGIRVYGDEVSPTKTQTTAPTASSTQG
QHQ74365.1,B,DGTITFTDIGSTGQNTIHDAINNVLIKY--------------------LKPT-----GNDSPITVESGLTFKKGDTIDST---AQTNLVKVSRDGFSVKNGKLAPTKLSIGAENAEHVEVTKSGIALKADLRTLLGVDKTVKLTDGLNFTSTDNGVVKFTLKDKLNIIAGGTVTVGGEDG--IKLFK-AINTTDLAGSKVGILATGIDAGNKKISNVADGDISPTSGDVVTGRQLYALMQKGIRVYGDEVSPTKTQTTAPTASSTQG
QHQ74364.1,B,DGTITFTDIGSTGQNTIHDAINNVLIKY--------------------LKPT-----GNDSPITVESGLTFKKGDTIDST---AQTNLVKVSRDGFSVKNGKLAPTKLSIGAENAEHVEVTKSGIALKADLRTLLGVDKTVKLTDGLNFTSTDNGVVKFTLKDKLNIIAGGTVTVGGEDG--IKLFK-AINTTDLAGSKVGILATGIDAGNKKISNVADGDISPTSGDVVTGRQLYALMQKGIRVYGDEVSPTKTQTTAPTASSTQG
QHQ74363.1,B,DGTITFTDIGSTGQNTIHDAINNVLIKY--------------------LKPT-----GNDSPITVESGLTFKKGDTIDST---AQTNLVKVSRDGFSVKNGKLAPTKLSIGAENAEHVEVTKSGIALKADLRTLLGVDKTVKLTDGLNFTSTDSGVVKFTLKDRLNIIAGGTVTVGGEDG--IKLFK-AINTTDLAGSKVGILATGIDAGNKKISNVADGDISPTSGDVVTGRQLYALMQKGIRVYGDEVSPTKTQTTAPTASSTQG
QHQ74362.1,B,DGTITFTDIGSTGQNTIHDAINNVLIKY--------------------LKPT-----GNDSPITVESGLTFKKGDTIDST---AQTNLVKVSRDGFSVKNGKLAPTKLSIGAENAEHVEVTKSGIALKADLRTLLGVDKTVKLTDGLNFTSTDNGVVKFTLKDKLNIIAGGTVTVGGEDG--IKLFK-AINTTDLAGSKVGILATGIDAGNKKISNVADGDISPTSGDVVTGRQLYALMQKGIRVYGDEVSPTKTQTTAPTASSTQG
QHQ74361.1,B,DGTITFTDIGSTGQNTIHDAINNVLIKY--------------------LKPT-----GNDSPITVESGLTFKKGDTIDST---AQTNLVKVSRDGFSVKNGKLAPTKLSIGAENAEHVEVTKSGIALKADLRTLLGVDKTVKLTDGLNFTSTDSGVVKFTLKDRLNIIAGGTVTVGGEDG--IKLFK-AINTTDLAGSKVGILATGIDAGNKKISNVADGDISPTSGDVVTGRQLYALMQKGIRVYGDEVSPTKTQTTAPTASSTQG
